2026-03-27 15:38:44,375 | INFO | SFPipeline | Pipeline start: dataset=misar_e18
2026-03-27 15:38:44,381 | INFO | SFPipeline | Config:
project:
  name: SF_MISAR_E18_Analysis
  version: 1.0.0
  seed: 42
  save_dir: ./results/misar_e18/checkpoints/
  eval_dir: ./results/misar_e18/predictions/
eval:
  checkpoint: best
  resolution: 0.9
  moran_k: 6
  plotting:
    figure_dpi: 180
    figure_size:
    - 14
    - 6
    panel_size:
    - 6
    - 6
    umap_point_size: 60
    spatial_point_size: 80
    alpha: 1.0
    legend_loc: on data
    palette_mode: high_contrast
  checkpoints:
    best: ckpt_best.pth
    final: ckpt_300.pth
data:
  raw_path: data/raw/misar_e18
  processed_path: data/processed/misar_e18
  files:
    h5_matrix: E18_5-S1_raw_feature_bc_matrix.h5
    spatial_csv: SPARC_barcode.csv
    gtf: gencode.vM23.annotation.gtf.gz
  parameters:
    n_top_genes: 3000
    rna_pca_dim: 512
    rna_min_cells: 3
    rna_target_sum: 1e4
    n_global_peaks: 50000
    n_final_peaks: 30000
    atac_pca_dim: 512
    atac_min_cells: 50
    atac_target_sum: 1e4
    tfidf_eps: 1e-6
    tss_window: 150000
    knn_k: 6
    ground_truth_key: Combined_Clusters
model:
  name: SFNet
  rna_in_dim: 3000
  hidden_dim: 512
  rna_n_heads: 4
  rna_dropout: 0.1
  atac_dropout: 0.1
  n_heads: 4
  dropout: 0.1
  grid_size: 128
  latent_dim: 50
  sfib_dim: 128
  sfib_ino_layers: 2
  proj_hidden_dim: 64
  proj_output_dim: 64
  rna_dec_hidden: 512
  rna_dec_blocks: 1
  atac_dec_hidden: 512
  atac_dec_blocks: 1
  sfib_debug_mode: false
  model.sfib_debug_epochs:
  - 1
  - 10
  - 20
  model.sfib_debug_every_n_epochs: 20
train:
  epochs: 3000
  batch_size: 1
  learning_rate: 1e-3
  learning_rate_low: 1e-4
  lr_switch_epoch: 2000
  weight_decay: 1e-4
  lambda_rna: 5.0
  lambda_atac: 1.0
  lambda_clip: 0.5
  fade_start_epoch: 2000
  fade_end_epoch: 2500
  pos_weight_rna: 10.0
  pos_weight_atac: 20.0
  clip_temperature: 0.5
  save_every: 50
  device: cuda
  log_interval: 10
  log_tail_blank_lines: 5
  best_name: ckpt_best.pth

2026-03-27 15:38:44,381 | INFO | SFPipeline | Pipeline steps: ['Preprocess', 'Train', 'Evaluate']
2026-03-27 15:38:44,381 | INFO | SFPipeline | Step start: Preprocess
2026-03-27 15:38:48,832 | INFO | SFPreprocess | [Phase 1] Starting Data Preprocessing...
2026-03-27 15:38:48,832 | INFO | SFPreprocess | Loading raw data...
2026-03-27 15:38:48,832 | INFO | SFPreprocess | Data loader: paired h5ad
2026-03-27 15:39:32,365 | INFO | SFPreprocess | Aligned final cells: RNA=2129, ATAC=2129
2026-03-27 15:39:55,311 | INFO | SFPreprocess | Reduced shapes: RNA=(2129, 512), ATAC=(2129, 512)
2026-03-27 15:39:56,736 | INFO | SFPreprocess | Saving processed tensors...
2026-03-27 15:39:56,837 | INFO | SFPreprocess | Preprocessing complete: data/processed/misar_e18/processed_data.pt
2026-03-27 15:39:58,320 | INFO | SFPipeline | Step done: Preprocess
2026-03-27 15:39:58,321 | INFO | SFPipeline | Step start: Train
2026-03-27 15:40:03,966 | INFO | SFTrainer | [Phase 2] Starting Model Training...
2026-03-27 15:40:03,966 | INFO | SFTrainer | Loading processed data...
2026-03-27 15:40:03,996 | INFO | SFTrainer | Data ready: RNA=torch.Size([2129, 512]), ATAC=torch.Size([2129, 512]), edges=12774
2026-03-27 15:40:03,997 | INFO | SFTrainer | Initializing model...
2026-03-27 15:40:04,345 | INFO | SFTrainer | Training started.
2026-03-27 15:40:04,345 | INFO | SFTrainer | Training started: epochs=3000
2026-03-27 15:40:06,275 | INFO | SFTrainer | Epoch 010 | total 71.9648 | rec_rna 8.7358 | rec_atac 24.4610 | clip 7.6495 | clip_weight 0.5000 | lr 1.00e-03 | best 71.9648
2026-03-27 15:40:07,297 | INFO | SFTrainer | Epoch 020 | total 67.2975 | rec_rna 8.4401 | rec_atac 21.2975 | clip 7.5993 | clip_weight 0.5000 | lr 1.00e-03 | best 67.2975
2026-03-27 15:40:08,297 | INFO | SFTrainer | Epoch 030 | total 65.7366 | rec_rna 8.3550 | rec_atac 20.2317 | clip 7.4598 | clip_weight 0.5000 | lr 1.00e-03 | best 65.7366
2026-03-27 15:40:09,242 | INFO | SFTrainer | Epoch 040 | total 65.0827 | rec_rna 8.2866 | rec_atac 20.0295 | clip 7.2400 | clip_weight 0.5000 | lr 1.00e-03 | best 65.0827
2026-03-27 15:40:10,220 | INFO | SFTrainer | Epoch 050 | total 64.0996 | rec_rna 8.1948 | rec_atac 19.6039 | clip 7.0431 | clip_weight 0.5000 | lr 1.00e-03 | best 64.0996
2026-03-27 15:40:11,251 | INFO | SFTrainer | Epoch 060 | total 62.3764 | rec_rna 8.0698 | rec_atac 18.5819 | clip 6.8908 | clip_weight 0.5000 | lr 1.00e-03 | best 62.3764
2026-03-27 15:40:12,237 | INFO | SFTrainer | Epoch 070 | total 61.1157 | rec_rna 7.9555 | rec_atac 17.9566 | clip 6.7632 | clip_weight 0.5000 | lr 1.00e-03 | best 61.1157
2026-03-27 15:40:13,268 | INFO | SFTrainer | Epoch 080 | total 59.9622 | rec_rna 7.8678 | rec_atac 17.2842 | clip 6.6780 | clip_weight 0.5000 | lr 1.00e-03 | best 59.9622
2026-03-27 15:40:14,283 | INFO | SFTrainer | Epoch 090 | total 59.0150 | rec_rna 7.7831 | rec_atac 16.8084 | clip 6.5826 | clip_weight 0.5000 | lr 1.00e-03 | best 59.0150
2026-03-27 15:40:15,289 | INFO | SFTrainer | Epoch 100 | total 58.1941 | rec_rna 7.6973 | rec_atac 16.4418 | clip 6.5316 | clip_weight 0.5000 | lr 1.00e-03 | best 58.1941
2026-03-27 15:40:16,331 | INFO | SFTrainer | Epoch 110 | total 57.3373 | rec_rna 7.5933 | rec_atac 16.1346 | clip 6.4728 | clip_weight 0.5000 | lr 1.00e-03 | best 57.3373
2026-03-27 15:40:17,329 | INFO | SFTrainer | Epoch 120 | total 56.5635 | rec_rna 7.4772 | rec_atac 15.9604 | clip 6.4347 | clip_weight 0.5000 | lr 1.00e-03 | best 56.5635
2026-03-27 15:40:18,332 | INFO | SFTrainer | Epoch 130 | total 55.6829 | rec_rna 7.3449 | rec_atac 15.7658 | clip 6.3851 | clip_weight 0.5000 | lr 1.00e-03 | best 55.6829
2026-03-27 15:40:19,317 | INFO | SFTrainer | Epoch 140 | total 54.7897 | rec_rna 7.2020 | rec_atac 15.6035 | clip 6.3526 | clip_weight 0.5000 | lr 1.00e-03 | best 54.7897
2026-03-27 15:40:20,261 | INFO | SFTrainer | Epoch 150 | total 53.9212 | rec_rna 7.0602 | rec_atac 15.4614 | clip 6.3173 | clip_weight 0.5000 | lr 1.00e-03 | best 53.9212
2026-03-27 15:40:21,298 | INFO | SFTrainer | Epoch 160 | total 53.1238 | rec_rna 6.9325 | rec_atac 15.3102 | clip 6.3019 | clip_weight 0.5000 | lr 1.00e-03 | best 53.1238
2026-03-27 15:40:22,183 | INFO | SFTrainer | Epoch 170 | total 52.3358 | rec_rna 6.8003 | rec_atac 15.1944 | clip 6.2798 | clip_weight 0.5000 | lr 1.00e-03 | best 52.3286
2026-03-27 15:40:23,172 | INFO | SFTrainer | Epoch 180 | total 51.4570 | rec_rna 6.6667 | rec_atac 14.9949 | clip 6.2573 | clip_weight 0.5000 | lr 1.00e-03 | best 51.4570
2026-03-27 15:40:24,220 | INFO | SFTrainer | Epoch 190 | total 50.6497 | rec_rna 6.5367 | rec_atac 14.8495 | clip 6.2330 | clip_weight 0.5000 | lr 1.00e-03 | best 50.6497
2026-03-27 15:40:25,225 | INFO | SFTrainer | Epoch 200 | total 49.8756 | rec_rna 6.4121 | rec_atac 14.6973 | clip 6.2355 | clip_weight 0.5000 | lr 1.00e-03 | best 49.8756
2026-03-27 15:40:26,276 | INFO | SFTrainer | Epoch 210 | total 49.1019 | rec_rna 6.2916 | rec_atac 14.5495 | clip 6.1894 | clip_weight 0.5000 | lr 1.00e-03 | best 49.1019
2026-03-27 15:40:27,295 | INFO | SFTrainer | Epoch 220 | total 48.3594 | rec_rna 6.1735 | rec_atac 14.4066 | clip 6.1704 | clip_weight 0.5000 | lr 1.00e-03 | best 48.3594
2026-03-27 15:40:28,280 | INFO | SFTrainer | Epoch 230 | total 47.6196 | rec_rna 6.0621 | rec_atac 14.2286 | clip 6.1609 | clip_weight 0.5000 | lr 1.00e-03 | best 47.6196
2026-03-27 15:40:29,299 | INFO | SFTrainer | Epoch 240 | total 46.9636 | rec_rna 5.9597 | rec_atac 14.0987 | clip 6.1328 | clip_weight 0.5000 | lr 1.00e-03 | best 46.9636
2026-03-27 15:40:30,260 | INFO | SFTrainer | Epoch 250 | total 46.2442 | rec_rna 5.8601 | rec_atac 13.8975 | clip 6.0919 | clip_weight 0.5000 | lr 1.00e-03 | best 46.2442
2026-03-27 15:40:31,312 | INFO | SFTrainer | Epoch 260 | total 45.5815 | rec_rna 5.7594 | rec_atac 13.7500 | clip 6.0693 | clip_weight 0.5000 | lr 1.00e-03 | best 45.5815
2026-03-27 15:40:32,239 | INFO | SFTrainer | Epoch 270 | total 44.9133 | rec_rna 5.6603 | rec_atac 13.5825 | clip 6.0591 | clip_weight 0.5000 | lr 1.00e-03 | best 44.9133
2026-03-27 15:40:33,229 | INFO | SFTrainer | Epoch 280 | total 44.3616 | rec_rna 5.5850 | rec_atac 13.4137 | clip 6.0463 | clip_weight 0.5000 | lr 1.00e-03 | best 44.3072
2026-03-27 15:40:34,221 | INFO | SFTrainer | Epoch 290 | total 43.6625 | rec_rna 5.4877 | rec_atac 13.2137 | clip 6.0202 | clip_weight 0.5000 | lr 1.00e-03 | best 43.6625
2026-03-27 15:40:35,135 | INFO | SFTrainer | Epoch 300 | total 43.0455 | rec_rna 5.4033 | rec_atac 13.0310 | clip 5.9964 | clip_weight 0.5000 | lr 1.00e-03 | best 43.0455
2026-03-27 15:40:36,176 | INFO | SFTrainer | Epoch 310 | total 42.3677 | rec_rna 5.3111 | rec_atac 12.8255 | clip 5.9729 | clip_weight 0.5000 | lr 1.00e-03 | best 42.3677
2026-03-27 15:40:37,109 | INFO | SFTrainer | Epoch 320 | total 41.8502 | rec_rna 5.2473 | rec_atac 12.6419 | clip 5.9439 | clip_weight 0.5000 | lr 1.00e-03 | best 41.8502
2026-03-27 15:40:38,014 | INFO | SFTrainer | Epoch 330 | total 41.2970 | rec_rna 5.1702 | rec_atac 12.4802 | clip 5.9320 | clip_weight 0.5000 | lr 1.00e-03 | best 41.2899
2026-03-27 15:40:38,971 | INFO | SFTrainer | Epoch 340 | total 40.7626 | rec_rna 5.1031 | rec_atac 12.2913 | clip 5.9120 | clip_weight 0.5000 | lr 1.00e-03 | best 40.7626
2026-03-27 15:40:39,928 | INFO | SFTrainer | Epoch 350 | total 40.1542 | rec_rna 5.0222 | rec_atac 12.1017 | clip 5.8829 | clip_weight 0.5000 | lr 1.00e-03 | best 40.1542
2026-03-27 15:40:40,956 | INFO | SFTrainer | Epoch 360 | total 39.6668 | rec_rna 4.9689 | rec_atac 11.9017 | clip 5.8411 | clip_weight 0.5000 | lr 1.00e-03 | best 39.6668
2026-03-27 15:40:41,880 | INFO | SFTrainer | Epoch 370 | total 39.2107 | rec_rna 4.9102 | rec_atac 11.7357 | clip 5.8480 | clip_weight 0.5000 | lr 1.00e-03 | best 39.2107
2026-03-27 15:40:42,850 | INFO | SFTrainer | Epoch 380 | total 38.7096 | rec_rna 4.8539 | rec_atac 11.5335 | clip 5.8137 | clip_weight 0.5000 | lr 1.00e-03 | best 38.7096
2026-03-27 15:40:43,709 | INFO | SFTrainer | Epoch 390 | total 38.2608 | rec_rna 4.8012 | rec_atac 11.3595 | clip 5.7908 | clip_weight 0.5000 | lr 1.00e-03 | best 38.2608
2026-03-27 15:40:44,624 | INFO | SFTrainer | Epoch 400 | total 37.8136 | rec_rna 4.7445 | rec_atac 11.2050 | clip 5.7718 | clip_weight 0.5000 | lr 1.00e-03 | best 37.8093
2026-03-27 15:40:45,462 | INFO | SFTrainer | Epoch 410 | total 37.4334 | rec_rna 4.7037 | rec_atac 11.0322 | clip 5.7656 | clip_weight 0.5000 | lr 1.00e-03 | best 37.4132
2026-03-27 15:40:46,352 | INFO | SFTrainer | Epoch 420 | total 36.9960 | rec_rna 4.6504 | rec_atac 10.8793 | clip 5.7299 | clip_weight 0.5000 | lr 1.00e-03 | best 36.9960
2026-03-27 15:40:47,282 | INFO | SFTrainer | Epoch 430 | total 36.5554 | rec_rna 4.5952 | rec_atac 10.7312 | clip 5.6968 | clip_weight 0.5000 | lr 1.00e-03 | best 36.5367
2026-03-27 15:40:48,174 | INFO | SFTrainer | Epoch 440 | total 36.1906 | rec_rna 4.5565 | rec_atac 10.5725 | clip 5.6707 | clip_weight 0.5000 | lr 1.00e-03 | best 36.1906
2026-03-27 15:40:49,061 | INFO | SFTrainer | Epoch 450 | total 35.9212 | rec_rna 4.5275 | rec_atac 10.4590 | clip 5.6493 | clip_weight 0.5000 | lr 1.00e-03 | best 35.9212
2026-03-27 15:40:49,948 | INFO | SFTrainer | Epoch 460 | total 35.4920 | rec_rna 4.4764 | rec_atac 10.2972 | clip 5.6256 | clip_weight 0.5000 | lr 1.00e-03 | best 35.4920
2026-03-27 15:40:50,795 | INFO | SFTrainer | Epoch 470 | total 35.1456 | rec_rna 4.4350 | rec_atac 10.1742 | clip 5.5926 | clip_weight 0.5000 | lr 1.00e-03 | best 35.1456
2026-03-27 15:40:51,698 | INFO | SFTrainer | Epoch 480 | total 34.9815 | rec_rna 4.4183 | rec_atac 10.0956 | clip 5.5884 | clip_weight 0.5000 | lr 1.00e-03 | best 34.8980
2026-03-27 15:40:52,557 | INFO | SFTrainer | Epoch 490 | total 34.5717 | rec_rna 4.3741 | rec_atac 9.9216 | clip 5.5591 | clip_weight 0.5000 | lr 1.00e-03 | best 34.5717
2026-03-27 15:40:53,454 | INFO | SFTrainer | Epoch 500 | total 34.2557 | rec_rna 4.3347 | rec_atac 9.8186 | clip 5.5274 | clip_weight 0.5000 | lr 1.00e-03 | best 34.2557
2026-03-27 15:40:54,327 | INFO | SFTrainer | Epoch 510 | total 33.9918 | rec_rna 4.3044 | rec_atac 9.7114 | clip 5.5170 | clip_weight 0.5000 | lr 1.00e-03 | best 33.9385
2026-03-27 15:40:55,162 | INFO | SFTrainer | Epoch 520 | total 33.6769 | rec_rna 4.2707 | rec_atac 9.5832 | clip 5.4802 | clip_weight 0.5000 | lr 1.00e-03 | best 33.6769
2026-03-27 15:40:56,268 | INFO | SFTrainer | Epoch 530 | total 33.4646 | rec_rna 4.2434 | rec_atac 9.5162 | clip 5.4624 | clip_weight 0.5000 | lr 1.00e-03 | best 33.4646
2026-03-27 15:40:57,613 | INFO | SFTrainer | Epoch 540 | total 33.2335 | rec_rna 4.2174 | rec_atac 9.4180 | clip 5.4572 | clip_weight 0.5000 | lr 1.00e-03 | best 33.2335
2026-03-27 15:40:58,494 | INFO | SFTrainer | Epoch 550 | total 33.0241 | rec_rna 4.1964 | rec_atac 9.3203 | clip 5.4438 | clip_weight 0.5000 | lr 1.00e-03 | best 33.0083
2026-03-27 15:40:59,489 | INFO | SFTrainer | Epoch 560 | total 32.8588 | rec_rna 4.1782 | rec_atac 9.2617 | clip 5.4121 | clip_weight 0.5000 | lr 1.00e-03 | best 32.7013
2026-03-27 15:41:00,330 | INFO | SFTrainer | Epoch 570 | total 32.6264 | rec_rna 4.1522 | rec_atac 9.1784 | clip 5.3739 | clip_weight 0.5000 | lr 1.00e-03 | best 32.5765
2026-03-27 15:41:01,196 | INFO | SFTrainer | Epoch 580 | total 32.3880 | rec_rna 4.1260 | rec_atac 9.0789 | clip 5.3581 | clip_weight 0.5000 | lr 1.00e-03 | best 32.2450
2026-03-27 15:41:02,012 | INFO | SFTrainer | Epoch 590 | total 32.0388 | rec_rna 4.0843 | rec_atac 8.9524 | clip 5.3295 | clip_weight 0.5000 | lr 1.00e-03 | best 32.0388
2026-03-27 15:41:02,759 | INFO | SFTrainer | Epoch 600 | total 32.0226 | rec_rna 4.0881 | rec_atac 8.9331 | clip 5.2978 | clip_weight 0.5000 | lr 1.00e-03 | best 31.9143
2026-03-27 15:41:03,600 | INFO | SFTrainer | Epoch 610 | total 31.8557 | rec_rna 4.0666 | rec_atac 8.8740 | clip 5.2970 | clip_weight 0.5000 | lr 1.00e-03 | best 31.6578
2026-03-27 15:41:04,309 | INFO | SFTrainer | Epoch 620 | total 31.6373 | rec_rna 4.0471 | rec_atac 8.7885 | clip 5.2267 | clip_weight 0.5000 | lr 1.00e-03 | best 31.6219
2026-03-27 15:41:05,142 | INFO | SFTrainer | Epoch 630 | total 31.4544 | rec_rna 4.0255 | rec_atac 8.7079 | clip 5.2385 | clip_weight 0.5000 | lr 1.00e-03 | best 31.4205
2026-03-27 15:41:06,005 | INFO | SFTrainer | Epoch 640 | total 31.3058 | rec_rna 4.0023 | rec_atac 8.6867 | clip 5.2153 | clip_weight 0.5000 | lr 1.00e-03 | best 31.2875
2026-03-27 15:41:06,836 | INFO | SFTrainer | Epoch 650 | total 31.0755 | rec_rna 3.9774 | rec_atac 8.5965 | clip 5.1845 | clip_weight 0.5000 | lr 1.00e-03 | best 31.0755
2026-03-27 15:41:07,713 | INFO | SFTrainer | Epoch 660 | total 30.9613 | rec_rna 3.9642 | rec_atac 8.5748 | clip 5.1310 | clip_weight 0.5000 | lr 1.00e-03 | best 30.9405
2026-03-27 15:41:08,551 | INFO | SFTrainer | Epoch 670 | total 30.7626 | rec_rna 3.9421 | rec_atac 8.4929 | clip 5.1180 | clip_weight 0.5000 | lr 1.00e-03 | best 30.7626
2026-03-27 15:41:09,341 | INFO | SFTrainer | Epoch 680 | total 30.5995 | rec_rna 3.9256 | rec_atac 8.4308 | clip 5.0816 | clip_weight 0.5000 | lr 1.00e-03 | best 30.5995
2026-03-27 15:41:10,185 | INFO | SFTrainer | Epoch 690 | total 30.5307 | rec_rna 3.9224 | rec_atac 8.3844 | clip 5.0683 | clip_weight 0.5000 | lr 1.00e-03 | best 30.4716
2026-03-27 15:41:11,060 | INFO | SFTrainer | Epoch 700 | total 30.4652 | rec_rna 3.9143 | rec_atac 8.3628 | clip 5.0617 | clip_weight 0.5000 | lr 1.00e-03 | best 30.3309
2026-03-27 15:41:11,822 | INFO | SFTrainer | Epoch 710 | total 30.2149 | rec_rna 3.8889 | rec_atac 8.2712 | clip 4.9988 | clip_weight 0.5000 | lr 1.00e-03 | best 30.1829
2026-03-27 15:41:12,601 | INFO | SFTrainer | Epoch 720 | total 30.0525 | rec_rna 3.8660 | rec_atac 8.2373 | clip 4.9704 | clip_weight 0.5000 | lr 1.00e-03 | best 30.0498
2026-03-27 15:41:13,480 | INFO | SFTrainer | Epoch 730 | total 29.8649 | rec_rna 3.8412 | rec_atac 8.1816 | clip 4.9543 | clip_weight 0.5000 | lr 1.00e-03 | best 29.8649
2026-03-27 15:41:14,308 | INFO | SFTrainer | Epoch 740 | total 29.7757 | rec_rna 3.8323 | rec_atac 8.1469 | clip 4.9350 | clip_weight 0.5000 | lr 1.00e-03 | best 29.7757
2026-03-27 15:41:15,043 | INFO | SFTrainer | Epoch 750 | total 29.7188 | rec_rna 3.8274 | rec_atac 8.1178 | clip 4.9275 | clip_weight 0.5000 | lr 1.00e-03 | best 29.6363
2026-03-27 15:41:15,822 | INFO | SFTrainer | Epoch 760 | total 29.6407 | rec_rna 3.8239 | rec_atac 8.0845 | clip 4.8730 | clip_weight 0.5000 | lr 1.00e-03 | best 29.5616
2026-03-27 15:41:16,588 | INFO | SFTrainer | Epoch 770 | total 29.4517 | rec_rna 3.8000 | rec_atac 8.0234 | clip 4.8565 | clip_weight 0.5000 | lr 1.00e-03 | best 29.4186
2026-03-27 15:41:17,352 | INFO | SFTrainer | Epoch 780 | total 29.3492 | rec_rna 3.7932 | rec_atac 7.9633 | clip 4.8399 | clip_weight 0.5000 | lr 1.00e-03 | best 29.3079
2026-03-27 15:41:18,148 | INFO | SFTrainer | Epoch 790 | total 29.1456 | rec_rna 3.7592 | rec_atac 7.9445 | clip 4.8107 | clip_weight 0.5000 | lr 1.00e-03 | best 29.1456
2026-03-27 15:41:18,877 | INFO | SFTrainer | Epoch 800 | total 29.1215 | rec_rna 3.7677 | rec_atac 7.8913 | clip 4.7835 | clip_weight 0.5000 | lr 1.00e-03 | best 29.1215
2026-03-27 15:41:19,758 | INFO | SFTrainer | Epoch 810 | total 29.0275 | rec_rna 3.7518 | rec_atac 7.8853 | clip 4.7659 | clip_weight 0.5000 | lr 1.00e-03 | best 29.0183
2026-03-27 15:41:20,585 | INFO | SFTrainer | Epoch 820 | total 29.0248 | rec_rna 3.7580 | rec_atac 7.8776 | clip 4.7144 | clip_weight 0.5000 | lr 1.00e-03 | best 28.9030
2026-03-27 15:41:21,385 | INFO | SFTrainer | Epoch 830 | total 28.7570 | rec_rna 3.7206 | rec_atac 7.8014 | clip 4.7050 | clip_weight 0.5000 | lr 1.00e-03 | best 28.7570
2026-03-27 15:41:22,141 | INFO | SFTrainer | Epoch 840 | total 28.7590 | rec_rna 3.7266 | rec_atac 7.7945 | clip 4.6628 | clip_weight 0.5000 | lr 1.00e-03 | best 28.7122
2026-03-27 15:41:22,980 | INFO | SFTrainer | Epoch 850 | total 28.5338 | rec_rna 3.6984 | rec_atac 7.7317 | clip 4.6201 | clip_weight 0.5000 | lr 1.00e-03 | best 28.5338
2026-03-27 15:41:23,837 | INFO | SFTrainer | Epoch 860 | total 28.5100 | rec_rna 3.6991 | rec_atac 7.7129 | clip 4.6034 | clip_weight 0.5000 | lr 1.00e-03 | best 28.5100
2026-03-27 15:41:24,629 | INFO | SFTrainer | Epoch 870 | total 28.5153 | rec_rna 3.7009 | rec_atac 7.7080 | clip 4.6061 | clip_weight 0.5000 | lr 1.00e-03 | best 28.3795
2026-03-27 15:41:25,359 | INFO | SFTrainer | Epoch 880 | total 28.3741 | rec_rna 3.6877 | rec_atac 7.6621 | clip 4.5468 | clip_weight 0.5000 | lr 1.00e-03 | best 28.3018
2026-03-27 15:41:26,160 | INFO | SFTrainer | Epoch 890 | total 28.2095 | rec_rna 3.6634 | rec_atac 7.6345 | clip 4.5159 | clip_weight 0.5000 | lr 1.00e-03 | best 28.2095
2026-03-27 15:41:26,907 | INFO | SFTrainer | Epoch 900 | total 28.1973 | rec_rna 3.6681 | rec_atac 7.5970 | clip 4.5197 | clip_weight 0.5000 | lr 1.00e-03 | best 28.1750
2026-03-27 15:41:27,709 | INFO | SFTrainer | Epoch 910 | total 28.1196 | rec_rna 3.6549 | rec_atac 7.6092 | clip 4.4720 | clip_weight 0.5000 | lr 1.00e-03 | best 28.0864
2026-03-27 15:41:28,508 | INFO | SFTrainer | Epoch 920 | total 28.0408 | rec_rna 3.6547 | rec_atac 7.5463 | clip 4.4422 | clip_weight 0.5000 | lr 1.00e-03 | best 27.9620
2026-03-27 15:41:29,301 | INFO | SFTrainer | Epoch 930 | total 27.9099 | rec_rna 3.6334 | rec_atac 7.5444 | clip 4.3967 | clip_weight 0.5000 | lr 1.00e-03 | best 27.8968
2026-03-27 15:41:30,148 | INFO | SFTrainer | Epoch 940 | total 27.6870 | rec_rna 3.6108 | rec_atac 7.4571 | clip 4.3513 | clip_weight 0.5000 | lr 1.00e-03 | best 27.6870
2026-03-27 15:41:30,833 | INFO | SFTrainer | Epoch 950 | total 27.7567 | rec_rna 3.6175 | rec_atac 7.4847 | clip 4.3687 | clip_weight 0.5000 | lr 1.00e-03 | best 27.6685
2026-03-27 15:41:31,559 | INFO | SFTrainer | Epoch 960 | total 27.7008 | rec_rna 3.6127 | rec_atac 7.4837 | clip 4.3074 | clip_weight 0.5000 | lr 1.00e-03 | best 27.6638
2026-03-27 15:41:32,358 | INFO | SFTrainer | Epoch 970 | total 27.6090 | rec_rna 3.5987 | rec_atac 7.4702 | clip 4.2909 | clip_weight 0.5000 | lr 1.00e-03 | best 27.5517
2026-03-27 15:41:33,037 | INFO | SFTrainer | Epoch 980 | total 27.6191 | rec_rna 3.6076 | rec_atac 7.4417 | clip 4.2782 | clip_weight 0.5000 | lr 1.00e-03 | best 27.4827
2026-03-27 15:41:33,730 | INFO | SFTrainer | Epoch 990 | total 27.5272 | rec_rna 3.5931 | rec_atac 7.4427 | clip 4.2383 | clip_weight 0.5000 | lr 1.00e-03 | best 27.4824
2026-03-27 15:41:34,486 | INFO | SFTrainer | Epoch 1000 | total 27.3800 | rec_rna 3.5789 | rec_atac 7.3665 | clip 4.2377 | clip_weight 0.5000 | lr 1.00e-03 | best 27.3513
2026-03-27 15:41:35,245 | INFO | SFTrainer | Epoch 1010 | total 27.3268 | rec_rna 3.5805 | rec_atac 7.3487 | clip 4.1514 | clip_weight 0.5000 | lr 1.00e-03 | best 27.2964
2026-03-27 15:41:36,042 | INFO | SFTrainer | Epoch 1020 | total 27.2823 | rec_rna 3.5767 | rec_atac 7.3283 | clip 4.1410 | clip_weight 0.5000 | lr 1.00e-03 | best 27.1870
2026-03-27 15:41:36,802 | INFO | SFTrainer | Epoch 1030 | total 27.1315 | rec_rna 3.5512 | rec_atac 7.3119 | clip 4.1271 | clip_weight 0.5000 | lr 1.00e-03 | best 27.1315
2026-03-27 15:41:37,538 | INFO | SFTrainer | Epoch 1040 | total 27.0915 | rec_rna 3.5523 | rec_atac 7.2815 | clip 4.0974 | clip_weight 0.5000 | lr 1.00e-03 | best 27.0552
2026-03-27 15:41:38,306 | INFO | SFTrainer | Epoch 1050 | total 26.9332 | rec_rna 3.5315 | rec_atac 7.2533 | clip 4.0445 | clip_weight 0.5000 | lr 1.00e-03 | best 26.9332
2026-03-27 15:41:39,046 | INFO | SFTrainer | Epoch 1060 | total 26.9176 | rec_rna 3.5306 | rec_atac 7.2713 | clip 3.9868 | clip_weight 0.5000 | lr 1.00e-03 | best 26.9176
2026-03-27 15:41:39,749 | INFO | SFTrainer | Epoch 1070 | total 26.9385 | rec_rna 3.5416 | rec_atac 7.2470 | clip 3.9672 | clip_weight 0.5000 | lr 1.00e-03 | best 26.8983
2026-03-27 15:41:40,544 | INFO | SFTrainer | Epoch 1080 | total 26.8758 | rec_rna 3.5309 | rec_atac 7.2451 | clip 3.9528 | clip_weight 0.5000 | lr 1.00e-03 | best 26.8286
2026-03-27 15:41:41,314 | INFO | SFTrainer | Epoch 1090 | total 26.8002 | rec_rna 3.5258 | rec_atac 7.2044 | clip 3.9337 | clip_weight 0.5000 | lr 1.00e-03 | best 26.7395
2026-03-27 15:41:42,038 | INFO | SFTrainer | Epoch 1100 | total 26.7171 | rec_rna 3.5185 | rec_atac 7.1750 | clip 3.8992 | clip_weight 0.5000 | lr 1.00e-03 | best 26.7144
2026-03-27 15:41:42,850 | INFO | SFTrainer | Epoch 1110 | total 26.7057 | rec_rna 3.5170 | rec_atac 7.1883 | clip 3.8652 | clip_weight 0.5000 | lr 1.00e-03 | best 26.6460
2026-03-27 15:41:43,675 | INFO | SFTrainer | Epoch 1120 | total 26.6336 | rec_rna 3.5077 | rec_atac 7.1659 | clip 3.8578 | clip_weight 0.5000 | lr 1.00e-03 | best 26.5562
2026-03-27 15:41:44,371 | INFO | SFTrainer | Epoch 1130 | total 26.5876 | rec_rna 3.5060 | rec_atac 7.1506 | clip 3.8142 | clip_weight 0.5000 | lr 1.00e-03 | best 26.5320
2026-03-27 15:41:45,195 | INFO | SFTrainer | Epoch 1140 | total 26.4318 | rec_rna 3.4901 | rec_atac 7.0947 | clip 3.7737 | clip_weight 0.5000 | lr 1.00e-03 | best 26.4318
2026-03-27 15:41:45,965 | INFO | SFTrainer | Epoch 1150 | total 26.3923 | rec_rna 3.4790 | rec_atac 7.1152 | clip 3.7645 | clip_weight 0.5000 | lr 1.00e-03 | best 26.3923
2026-03-27 15:41:46,755 | INFO | SFTrainer | Epoch 1160 | total 26.3037 | rec_rna 3.4745 | rec_atac 7.0775 | clip 3.7073 | clip_weight 0.5000 | lr 1.00e-03 | best 26.3037
2026-03-27 15:41:47,418 | INFO | SFTrainer | Epoch 1170 | total 26.3927 | rec_rna 3.4889 | rec_atac 7.0994 | clip 3.6981 | clip_weight 0.5000 | lr 1.00e-03 | best 26.3037
2026-03-27 15:41:48,183 | INFO | SFTrainer | Epoch 1180 | total 26.2606 | rec_rna 3.4731 | rec_atac 7.0756 | clip 3.6388 | clip_weight 0.5000 | lr 1.00e-03 | best 26.2606
2026-03-27 15:41:48,943 | INFO | SFTrainer | Epoch 1190 | total 26.2114 | rec_rna 3.4631 | rec_atac 7.0861 | clip 3.6198 | clip_weight 0.5000 | lr 1.00e-03 | best 26.1713
2026-03-27 15:41:49,639 | INFO | SFTrainer | Epoch 1200 | total 26.1223 | rec_rna 3.4588 | rec_atac 7.0262 | clip 3.6043 | clip_weight 0.5000 | lr 1.00e-03 | best 26.1201
2026-03-27 15:41:50,378 | INFO | SFTrainer | Epoch 1210 | total 26.1554 | rec_rna 3.4642 | rec_atac 7.0456 | clip 3.5773 | clip_weight 0.5000 | lr 1.00e-03 | best 26.0205
2026-03-27 15:41:51,077 | INFO | SFTrainer | Epoch 1220 | total 26.1038 | rec_rna 3.4641 | rec_atac 7.0315 | clip 3.5035 | clip_weight 0.5000 | lr 1.00e-03 | best 25.9476
2026-03-27 15:41:51,741 | INFO | SFTrainer | Epoch 1230 | total 25.9995 | rec_rna 3.4440 | rec_atac 7.0217 | clip 3.5154 | clip_weight 0.5000 | lr 1.00e-03 | best 25.9476
2026-03-27 15:41:52,443 | INFO | SFTrainer | Epoch 1240 | total 25.9112 | rec_rna 3.4411 | rec_atac 6.9645 | clip 3.4821 | clip_weight 0.5000 | lr 1.00e-03 | best 25.9005
2026-03-27 15:41:53,174 | INFO | SFTrainer | Epoch 1250 | total 25.9057 | rec_rna 3.4400 | rec_atac 6.9803 | clip 3.4505 | clip_weight 0.5000 | lr 1.00e-03 | best 25.8646
2026-03-27 15:41:53,946 | INFO | SFTrainer | Epoch 1260 | total 25.8588 | rec_rna 3.4295 | rec_atac 6.9932 | clip 3.4357 | clip_weight 0.5000 | lr 1.00e-03 | best 25.8309
2026-03-27 15:41:54,683 | INFO | SFTrainer | Epoch 1270 | total 25.8198 | rec_rna 3.4348 | rec_atac 6.9505 | clip 3.3911 | clip_weight 0.5000 | lr 1.00e-03 | best 25.7423
2026-03-27 15:41:55,424 | INFO | SFTrainer | Epoch 1280 | total 25.7513 | rec_rna 3.4212 | rec_atac 6.9761 | clip 3.3383 | clip_weight 0.5000 | lr 1.00e-03 | best 25.7302
2026-03-27 15:41:56,164 | INFO | SFTrainer | Epoch 1290 | total 25.7271 | rec_rna 3.4228 | rec_atac 6.9485 | clip 3.3294 | clip_weight 0.5000 | lr 1.00e-03 | best 25.5836
2026-03-27 15:41:56,826 | INFO | SFTrainer | Epoch 1300 | total 25.6890 | rec_rna 3.4257 | rec_atac 6.9261 | clip 3.2688 | clip_weight 0.5000 | lr 1.00e-03 | best 25.5836
2026-03-27 15:41:57,584 | INFO | SFTrainer | Epoch 1310 | total 25.6005 | rec_rna 3.4139 | rec_atac 6.9243 | clip 3.2139 | clip_weight 0.5000 | lr 1.00e-03 | best 25.5821
2026-03-27 15:41:58,311 | INFO | SFTrainer | Epoch 1320 | total 25.5322 | rec_rna 3.4102 | rec_atac 6.8775 | clip 3.2077 | clip_weight 0.5000 | lr 1.00e-03 | best 25.5322
2026-03-27 15:41:59,065 | INFO | SFTrainer | Epoch 1330 | total 25.5239 | rec_rna 3.4082 | rec_atac 6.8928 | clip 3.1803 | clip_weight 0.5000 | lr 1.00e-03 | best 25.5239
2026-03-27 15:41:59,796 | INFO | SFTrainer | Epoch 1340 | total 25.5225 | rec_rna 3.4082 | rec_atac 6.9070 | clip 3.1496 | clip_weight 0.5000 | lr 1.00e-03 | best 25.4307
2026-03-27 15:42:00,596 | INFO | SFTrainer | Epoch 1350 | total 25.4404 | rec_rna 3.3985 | rec_atac 6.8825 | clip 3.1311 | clip_weight 0.5000 | lr 1.00e-03 | best 25.3981
2026-03-27 15:42:01,416 | INFO | SFTrainer | Epoch 1360 | total 25.4336 | rec_rna 3.4044 | rec_atac 6.8699 | clip 3.0829 | clip_weight 0.5000 | lr 1.00e-03 | best 25.3152
2026-03-27 15:42:02,167 | INFO | SFTrainer | Epoch 1370 | total 25.3698 | rec_rna 3.3972 | rec_atac 6.8595 | clip 3.0491 | clip_weight 0.5000 | lr 1.00e-03 | best 25.2951
2026-03-27 15:42:02,861 | INFO | SFTrainer | Epoch 1380 | total 25.3971 | rec_rna 3.3995 | rec_atac 6.8796 | clip 3.0395 | clip_weight 0.5000 | lr 1.00e-03 | best 25.2661
2026-03-27 15:42:03,612 | INFO | SFTrainer | Epoch 1390 | total 25.2345 | rec_rna 3.3814 | rec_atac 6.8424 | clip 2.9704 | clip_weight 0.5000 | lr 1.00e-03 | best 25.2345
2026-03-27 15:42:04,340 | INFO | SFTrainer | Epoch 1400 | total 25.2154 | rec_rna 3.3801 | rec_atac 6.8482 | clip 2.9332 | clip_weight 0.5000 | lr 1.00e-03 | best 25.1939
2026-03-27 15:42:05,099 | INFO | SFTrainer | Epoch 1410 | total 25.2550 | rec_rna 3.3924 | rec_atac 6.8409 | clip 2.9040 | clip_weight 0.5000 | lr 1.00e-03 | best 25.1386
2026-03-27 15:42:05,800 | INFO | SFTrainer | Epoch 1420 | total 25.1433 | rec_rna 3.3798 | rec_atac 6.8205 | clip 2.8476 | clip_weight 0.5000 | lr 1.00e-03 | best 25.0859
2026-03-27 15:42:06,491 | INFO | SFTrainer | Epoch 1430 | total 25.0975 | rec_rna 3.3728 | rec_atac 6.8235 | clip 2.8203 | clip_weight 0.5000 | lr 1.00e-03 | best 25.0573
2026-03-27 15:42:07,190 | INFO | SFTrainer | Epoch 1440 | total 25.0885 | rec_rna 3.3724 | rec_atac 6.8202 | clip 2.8125 | clip_weight 0.5000 | lr 1.00e-03 | best 25.0048
2026-03-27 15:42:07,919 | INFO | SFTrainer | Epoch 1450 | total 25.0048 | rec_rna 3.3686 | rec_atac 6.7967 | clip 2.7299 | clip_weight 0.5000 | lr 1.00e-03 | best 24.9622
2026-03-27 15:42:08,674 | INFO | SFTrainer | Epoch 1460 | total 24.9268 | rec_rna 3.3654 | rec_atac 6.7630 | clip 2.6740 | clip_weight 0.5000 | lr 1.00e-03 | best 24.9268
2026-03-27 15:42:09,425 | INFO | SFTrainer | Epoch 1470 | total 24.9352 | rec_rna 3.3604 | rec_atac 6.8036 | clip 2.6592 | clip_weight 0.5000 | lr 1.00e-03 | best 24.8435
2026-03-27 15:42:10,085 | INFO | SFTrainer | Epoch 1480 | total 24.8856 | rec_rna 3.3626 | rec_atac 6.7456 | clip 2.6537 | clip_weight 0.5000 | lr 1.00e-03 | best 24.8435
2026-03-27 15:42:10,856 | INFO | SFTrainer | Epoch 1490 | total 24.8108 | rec_rna 3.3489 | rec_atac 6.7603 | clip 2.6118 | clip_weight 0.5000 | lr 1.00e-03 | best 24.7528
2026-03-27 15:42:11,529 | INFO | SFTrainer | Epoch 1500 | total 24.8482 | rec_rna 3.3620 | rec_atac 6.7544 | clip 2.5678 | clip_weight 0.5000 | lr 1.00e-03 | best 24.7528
2026-03-27 15:42:12,267 | INFO | SFTrainer | Epoch 1510 | total 24.7849 | rec_rna 3.3563 | rec_atac 6.7420 | clip 2.5228 | clip_weight 0.5000 | lr 1.00e-03 | best 24.7486
2026-03-27 15:42:13,021 | INFO | SFTrainer | Epoch 1520 | total 24.7125 | rec_rna 3.3483 | rec_atac 6.7447 | clip 2.4525 | clip_weight 0.5000 | lr 1.00e-03 | best 24.6702
2026-03-27 15:42:13,699 | INFO | SFTrainer | Epoch 1530 | total 24.7085 | rec_rna 3.3553 | rec_atac 6.7060 | clip 2.4516 | clip_weight 0.5000 | lr 1.00e-03 | best 24.5746
2026-03-27 15:42:14,352 | INFO | SFTrainer | Epoch 1540 | total 24.6371 | rec_rna 3.3386 | rec_atac 6.7456 | clip 2.3966 | clip_weight 0.5000 | lr 1.00e-03 | best 24.5746
2026-03-27 15:42:15,053 | INFO | SFTrainer | Epoch 1550 | total 24.5920 | rec_rna 3.3353 | rec_atac 6.7268 | clip 2.3777 | clip_weight 0.5000 | lr 1.00e-03 | best 24.5545
2026-03-27 15:42:15,767 | INFO | SFTrainer | Epoch 1560 | total 24.5479 | rec_rna 3.3368 | rec_atac 6.7037 | clip 2.3200 | clip_weight 0.5000 | lr 1.00e-03 | best 24.5430
2026-03-27 15:42:16,445 | INFO | SFTrainer | Epoch 1570 | total 24.5549 | rec_rna 3.3371 | rec_atac 6.7120 | clip 2.3148 | clip_weight 0.5000 | lr 1.00e-03 | best 24.5005
2026-03-27 15:42:17,193 | INFO | SFTrainer | Epoch 1580 | total 24.5245 | rec_rna 3.3335 | rec_atac 6.7097 | clip 2.2950 | clip_weight 0.5000 | lr 1.00e-03 | best 24.4571
2026-03-27 15:42:17,914 | INFO | SFTrainer | Epoch 1590 | total 24.4589 | rec_rna 3.3282 | rec_atac 6.7040 | clip 2.2279 | clip_weight 0.5000 | lr 1.00e-03 | best 24.3882
2026-03-27 15:42:18,597 | INFO | SFTrainer | Epoch 1600 | total 24.3698 | rec_rna 3.3140 | rec_atac 6.7108 | clip 2.1784 | clip_weight 0.5000 | lr 1.00e-03 | best 24.3398
2026-03-27 15:42:19,339 | INFO | SFTrainer | Epoch 1610 | total 24.3538 | rec_rna 3.3240 | rec_atac 6.6820 | clip 2.1040 | clip_weight 0.5000 | lr 1.00e-03 | best 24.2732
2026-03-27 15:42:20,020 | INFO | SFTrainer | Epoch 1620 | total 24.3814 | rec_rna 3.3294 | rec_atac 6.6678 | clip 2.1334 | clip_weight 0.5000 | lr 1.00e-03 | best 24.2732
2026-03-27 15:42:20,716 | INFO | SFTrainer | Epoch 1630 | total 24.3230 | rec_rna 3.3236 | rec_atac 6.6486 | clip 2.1129 | clip_weight 0.5000 | lr 1.00e-03 | best 24.2521
2026-03-27 15:42:21,457 | INFO | SFTrainer | Epoch 1640 | total 24.2518 | rec_rna 3.3088 | rec_atac 6.6746 | clip 2.0660 | clip_weight 0.5000 | lr 1.00e-03 | best 24.1967
2026-03-27 15:42:22,153 | INFO | SFTrainer | Epoch 1650 | total 24.1872 | rec_rna 3.3000 | rec_atac 6.6759 | clip 2.0224 | clip_weight 0.5000 | lr 1.00e-03 | best 24.1689
2026-03-27 15:42:22,900 | INFO | SFTrainer | Epoch 1660 | total 24.0860 | rec_rna 3.2945 | rec_atac 6.6403 | clip 1.9461 | clip_weight 0.5000 | lr 1.00e-03 | best 24.0860
2026-03-27 15:42:23,581 | INFO | SFTrainer | Epoch 1670 | total 24.1307 | rec_rna 3.3079 | rec_atac 6.6103 | clip 1.9615 | clip_weight 0.5000 | lr 1.00e-03 | best 24.0860
2026-03-27 15:42:24,232 | INFO | SFTrainer | Epoch 1680 | total 24.1961 | rec_rna 3.3181 | rec_atac 6.6517 | clip 1.9083 | clip_weight 0.5000 | lr 1.00e-03 | best 24.0860
2026-03-27 15:42:24,956 | INFO | SFTrainer | Epoch 1690 | total 24.0433 | rec_rna 3.2963 | rec_atac 6.6229 | clip 1.8774 | clip_weight 0.5000 | lr 1.00e-03 | best 24.0172
2026-03-27 15:42:25,617 | INFO | SFTrainer | Epoch 1700 | total 24.0723 | rec_rna 3.3057 | rec_atac 6.6089 | clip 1.8695 | clip_weight 0.5000 | lr 1.00e-03 | best 24.0172
2026-03-27 15:42:26,308 | INFO | SFTrainer | Epoch 1710 | total 24.0649 | rec_rna 3.3072 | rec_atac 6.6045 | clip 1.8487 | clip_weight 0.5000 | lr 1.00e-03 | best 24.0172
2026-03-27 15:42:27,057 | INFO | SFTrainer | Epoch 1720 | total 23.9526 | rec_rna 3.2930 | rec_atac 6.5818 | clip 1.8120 | clip_weight 0.5000 | lr 1.00e-03 | best 23.9526
2026-03-27 15:42:27,777 | INFO | SFTrainer | Epoch 1730 | total 23.9224 | rec_rna 3.2864 | rec_atac 6.5841 | clip 1.8123 | clip_weight 0.5000 | lr 1.00e-03 | best 23.9224
2026-03-27 15:42:28,426 | INFO | SFTrainer | Epoch 1740 | total 23.9605 | rec_rna 3.2963 | rec_atac 6.5935 | clip 1.7715 | clip_weight 0.5000 | lr 1.00e-03 | best 23.9224
2026-03-27 15:42:29,161 | INFO | SFTrainer | Epoch 1750 | total 23.9994 | rec_rna 3.3060 | rec_atac 6.6072 | clip 1.7244 | clip_weight 0.5000 | lr 1.00e-03 | best 23.8637
2026-03-27 15:42:29,919 | INFO | SFTrainer | Epoch 1760 | total 23.9238 | rec_rna 3.2859 | rec_atac 6.6174 | clip 1.7542 | clip_weight 0.5000 | lr 1.00e-03 | best 23.7955
2026-03-27 15:42:30,573 | INFO | SFTrainer | Epoch 1770 | total 23.8115 | rec_rna 3.2776 | rec_atac 6.5772 | clip 1.6927 | clip_weight 0.5000 | lr 1.00e-03 | best 23.7955
2026-03-27 15:42:31,286 | INFO | SFTrainer | Epoch 1780 | total 23.8375 | rec_rna 3.2873 | rec_atac 6.5648 | clip 1.6722 | clip_weight 0.5000 | lr 1.00e-03 | best 23.7542
2026-03-27 15:42:32,002 | INFO | SFTrainer | Epoch 1790 | total 23.7661 | rec_rna 3.2751 | rec_atac 6.5703 | clip 1.6407 | clip_weight 0.5000 | lr 1.00e-03 | best 23.7312
2026-03-27 15:42:32,694 | INFO | SFTrainer | Epoch 1800 | total 23.8823 | rec_rna 3.2963 | rec_atac 6.5691 | clip 1.6635 | clip_weight 0.5000 | lr 1.00e-03 | best 23.7010
2026-03-27 15:42:33,414 | INFO | SFTrainer | Epoch 1810 | total 23.7448 | rec_rna 3.2727 | rec_atac 6.5968 | clip 1.5687 | clip_weight 0.5000 | lr 1.00e-03 | best 23.6880
2026-03-27 15:42:34,134 | INFO | SFTrainer | Epoch 1820 | total 23.7110 | rec_rna 3.2714 | rec_atac 6.5697 | clip 1.5683 | clip_weight 0.5000 | lr 1.00e-03 | best 23.6602
2026-03-27 15:42:34,856 | INFO | SFTrainer | Epoch 1830 | total 23.7675 | rec_rna 3.2755 | rec_atac 6.5902 | clip 1.5996 | clip_weight 0.5000 | lr 1.00e-03 | best 23.5999
2026-03-27 15:42:35,507 | INFO | SFTrainer | Epoch 1840 | total 23.7709 | rec_rna 3.2850 | rec_atac 6.5772 | clip 1.5376 | clip_weight 0.5000 | lr 1.00e-03 | best 23.5999
2026-03-27 15:42:36,232 | INFO | SFTrainer | Epoch 1850 | total 23.6135 | rec_rna 3.2669 | rec_atac 6.5499 | clip 1.4582 | clip_weight 0.5000 | lr 1.00e-03 | best 23.5311
2026-03-27 15:42:36,939 | INFO | SFTrainer | Epoch 1860 | total 23.6318 | rec_rna 3.2629 | rec_atac 6.5493 | clip 1.5357 | clip_weight 0.5000 | lr 1.00e-03 | best 23.5311
2026-03-27 15:42:37,604 | INFO | SFTrainer | Epoch 1870 | total 23.5635 | rec_rna 3.2564 | rec_atac 6.5671 | clip 1.4286 | clip_weight 0.5000 | lr 1.00e-03 | best 23.5311
2026-03-27 15:42:38,369 | INFO | SFTrainer | Epoch 1880 | total 23.5011 | rec_rna 3.2570 | rec_atac 6.5117 | clip 1.4089 | clip_weight 0.5000 | lr 1.00e-03 | best 23.4819
2026-03-27 15:42:39,109 | INFO | SFTrainer | Epoch 1890 | total 23.5586 | rec_rna 3.2697 | rec_atac 6.5046 | clip 1.4112 | clip_weight 0.5000 | lr 1.00e-03 | best 23.4418
2026-03-27 15:42:39,810 | INFO | SFTrainer | Epoch 1900 | total 23.5531 | rec_rna 3.2685 | rec_atac 6.5242 | clip 1.3729 | clip_weight 0.5000 | lr 1.00e-03 | best 23.4279
2026-03-27 15:42:40,501 | INFO | SFTrainer | Epoch 1910 | total 23.4638 | rec_rna 3.2494 | rec_atac 6.5249 | clip 1.3836 | clip_weight 0.5000 | lr 1.00e-03 | best 23.4279
2026-03-27 15:42:41,192 | INFO | SFTrainer | Epoch 1920 | total 23.4602 | rec_rna 3.2537 | rec_atac 6.5099 | clip 1.3635 | clip_weight 0.5000 | lr 1.00e-03 | best 23.4175
2026-03-27 15:42:41,906 | INFO | SFTrainer | Epoch 1930 | total 23.4759 | rec_rna 3.2603 | rec_atac 6.5078 | clip 1.3335 | clip_weight 0.5000 | lr 1.00e-03 | best 23.3482
2026-03-27 15:42:42,608 | INFO | SFTrainer | Epoch 1940 | total 23.4015 | rec_rna 3.2401 | rec_atac 6.5187 | clip 1.3642 | clip_weight 0.5000 | lr 1.00e-03 | best 23.3214
2026-03-27 15:42:43,318 | INFO | SFTrainer | Epoch 1950 | total 23.3827 | rec_rna 3.2404 | rec_atac 6.5282 | clip 1.3053 | clip_weight 0.5000 | lr 1.00e-03 | best 23.2870
2026-03-27 15:42:44,030 | INFO | SFTrainer | Epoch 1960 | total 23.4080 | rec_rna 3.2452 | rec_atac 6.4968 | clip 1.3706 | clip_weight 0.5000 | lr 1.00e-03 | best 23.2870
2026-03-27 15:42:44,709 | INFO | SFTrainer | Epoch 1970 | total 23.3145 | rec_rna 3.2385 | rec_atac 6.4691 | clip 1.3059 | clip_weight 0.5000 | lr 1.00e-03 | best 23.2738
2026-03-27 15:42:45,429 | INFO | SFTrainer | Epoch 1980 | total 23.3724 | rec_rna 3.2514 | rec_atac 6.4884 | clip 1.2538 | clip_weight 0.5000 | lr 1.00e-03 | best 23.2590
2026-03-27 15:42:46,110 | INFO | SFTrainer | Epoch 1990 | total 23.3826 | rec_rna 3.2524 | rec_atac 6.4867 | clip 1.2683 | clip_weight 0.5000 | lr 1.00e-03 | best 23.2049
2026-03-27 15:42:46,752 | INFO | SFTrainer | Epoch 2000 | total 23.2549 | rec_rna 3.2337 | rec_atac 6.4780 | clip 1.2167 | clip_weight 0.5000 | lr 1.00e-04 | best 23.2049
2026-03-27 15:42:47,544 | INFO | SFTrainer | Epoch 2010 | total 23.1265 | rec_rna 3.2217 | rec_atac 6.4271 | clip 1.1827 | clip_weight 0.4995 | lr 1.00e-04 | best 23.1265
2026-03-27 15:42:48,285 | INFO | SFTrainer | Epoch 2020 | total 23.0696 | rec_rna 3.2090 | rec_atac 6.4042 | clip 1.2463 | clip_weight 0.4980 | lr 1.00e-04 | best 23.0387
2026-03-27 15:42:48,998 | INFO | SFTrainer | Epoch 2030 | total 22.9702 | rec_rna 3.1970 | rec_atac 6.4129 | clip 1.1546 | clip_weight 0.4956 | lr 1.00e-04 | best 22.9292
2026-03-27 15:42:49,715 | INFO | SFTrainer | Epoch 2040 | total 22.9186 | rec_rna 3.1969 | rec_atac 6.3739 | clip 1.1380 | clip_weight 0.4921 | lr 1.00e-04 | best 22.8898
2026-03-27 15:42:50,431 | INFO | SFTrainer | Epoch 2050 | total 22.9398 | rec_rna 3.1907 | rec_atac 6.4065 | clip 1.1891 | clip_weight 0.4878 | lr 1.00e-04 | best 22.8318
2026-03-27 15:42:51,183 | INFO | SFTrainer | Epoch 2060 | total 22.8402 | rec_rna 3.1823 | rec_atac 6.3747 | clip 1.1484 | clip_weight 0.4824 | lr 1.00e-04 | best 22.7862
2026-03-27 15:42:51,828 | INFO | SFTrainer | Epoch 2070 | total 22.8810 | rec_rna 3.1872 | rec_atac 6.3710 | clip 1.2052 | clip_weight 0.4762 | lr 1.00e-04 | best 22.7862
2026-03-27 15:42:52,591 | INFO | SFTrainer | Epoch 2080 | total 22.8074 | rec_rna 3.1792 | rec_atac 6.3840 | clip 1.1249 | clip_weight 0.4691 | lr 1.00e-04 | best 22.7304
2026-03-27 15:42:53,265 | INFO | SFTrainer | Epoch 2090 | total 22.8168 | rec_rna 3.1811 | rec_atac 6.3770 | clip 1.1594 | clip_weight 0.4611 | lr 1.00e-04 | best 22.7200
2026-03-27 15:42:53,980 | INFO | SFTrainer | Epoch 2100 | total 22.6444 | rec_rna 3.1569 | rec_atac 6.3578 | clip 1.1103 | clip_weight 0.4523 | lr 1.00e-04 | best 22.6444
2026-03-27 15:42:54,717 | INFO | SFTrainer | Epoch 2110 | total 22.7395 | rec_rna 3.1775 | rec_atac 6.3639 | clip 1.1032 | clip_weight 0.4426 | lr 1.00e-04 | best 22.6444
2026-03-27 15:42:55,374 | INFO | SFTrainer | Epoch 2120 | total 22.7123 | rec_rna 3.1709 | rec_atac 6.3597 | clip 1.1530 | clip_weight 0.4322 | lr 1.00e-04 | best 22.6444
2026-03-27 15:42:56,030 | INFO | SFTrainer | Epoch 2130 | total 22.6801 | rec_rna 3.1764 | rec_atac 6.3239 | clip 1.1264 | clip_weight 0.4211 | lr 1.00e-04 | best 22.6444
2026-03-27 15:42:56,803 | INFO | SFTrainer | Epoch 2140 | total 22.6891 | rec_rna 3.1779 | rec_atac 6.3355 | clip 1.1338 | clip_weight 0.4094 | lr 1.00e-04 | best 22.5630
2026-03-27 15:42:57,469 | INFO | SFTrainer | Epoch 2150 | total 22.7236 | rec_rna 3.1870 | rec_atac 6.3277 | clip 1.1607 | clip_weight 0.3969 | lr 1.00e-04 | best 22.5630
2026-03-27 15:42:58,173 | INFO | SFTrainer | Epoch 2160 | total 22.6776 | rec_rna 3.1732 | rec_atac 6.3874 | clip 1.1052 | clip_weight 0.3840 | lr 1.00e-04 | best 22.5630
2026-03-27 15:42:58,902 | INFO | SFTrainer | Epoch 2170 | total 22.6567 | rec_rna 3.1762 | rec_atac 6.3545 | clip 1.1375 | clip_weight 0.3704 | lr 1.00e-04 | best 22.5231
2026-03-27 15:42:59,559 | INFO | SFTrainer | Epoch 2180 | total 22.5372 | rec_rna 3.1670 | rec_atac 6.3099 | clip 1.1003 | clip_weight 0.3564 | lr 1.00e-04 | best 22.5231
2026-03-27 15:43:00,252 | INFO | SFTrainer | Epoch 2190 | total 22.5677 | rec_rna 3.1682 | rec_atac 6.3438 | clip 1.1198 | clip_weight 0.3420 | lr 1.00e-04 | best 22.5143
2026-03-27 15:43:01,028 | INFO | SFTrainer | Epoch 2200 | total 22.5304 | rec_rna 3.1623 | rec_atac 6.3426 | clip 1.1505 | clip_weight 0.3273 | lr 1.00e-04 | best 22.4575
2026-03-27 15:43:01,742 | INFO | SFTrainer | Epoch 2210 | total 22.4964 | rec_rna 3.1643 | rec_atac 6.3250 | clip 1.1205 | clip_weight 0.3122 | lr 1.00e-04 | best 22.4575
2026-03-27 15:43:02,455 | INFO | SFTrainer | Epoch 2220 | total 22.4999 | rec_rna 3.1643 | rec_atac 6.3412 | clip 1.1364 | clip_weight 0.2968 | lr 1.00e-04 | best 22.4320
2026-03-27 15:43:03,137 | INFO | SFTrainer | Epoch 2230 | total 22.4398 | rec_rna 3.1622 | rec_atac 6.3119 | clip 1.1265 | clip_weight 0.2813 | lr 1.00e-04 | best 22.4246
2026-03-27 15:43:03,856 | INFO | SFTrainer | Epoch 2240 | total 22.4920 | rec_rna 3.1721 | rec_atac 6.3150 | clip 1.1919 | clip_weight 0.2657 | lr 1.00e-04 | best 22.3578
2026-03-27 15:43:04,503 | INFO | SFTrainer | Epoch 2250 | total 22.3749 | rec_rna 3.1562 | rec_atac 6.3182 | clip 1.1033 | clip_weight 0.2500 | lr 1.00e-04 | best 22.3578
2026-03-27 15:43:05,225 | INFO | SFTrainer | Epoch 2260 | total 22.4869 | rec_rna 3.1741 | rec_atac 6.3521 | clip 1.1288 | clip_weight 0.2343 | lr 1.00e-04 | best 22.3045
2026-03-27 15:43:05,894 | INFO | SFTrainer | Epoch 2270 | total 22.3947 | rec_rna 3.1638 | rec_atac 6.3224 | clip 1.1573 | clip_weight 0.2187 | lr 1.00e-04 | best 22.3045
2026-03-27 15:43:06,580 | INFO | SFTrainer | Epoch 2280 | total 22.3262 | rec_rna 3.1538 | rec_atac 6.3251 | clip 1.1419 | clip_weight 0.2032 | lr 1.00e-04 | best 22.2696
2026-03-27 15:43:07,220 | INFO | SFTrainer | Epoch 2290 | total 22.3173 | rec_rna 3.1593 | rec_atac 6.3115 | clip 1.1147 | clip_weight 0.1878 | lr 1.00e-04 | best 22.2696
2026-03-27 15:43:07,897 | INFO | SFTrainer | Epoch 2300 | total 22.2458 | rec_rna 3.1486 | rec_atac 6.3030 | clip 1.1563 | clip_weight 0.1727 | lr 1.00e-04 | best 22.2458
2026-03-27 15:43:08,583 | INFO | SFTrainer | Epoch 2310 | total 22.3449 | rec_rna 3.1679 | rec_atac 6.3266 | clip 1.1329 | clip_weight 0.1580 | lr 1.00e-04 | best 22.2458
2026-03-27 15:43:09,261 | INFO | SFTrainer | Epoch 2320 | total 22.2603 | rec_rna 3.1552 | rec_atac 6.3129 | clip 1.1952 | clip_weight 0.1436 | lr 1.00e-04 | best 22.2288
2026-03-27 15:43:09,970 | INFO | SFTrainer | Epoch 2330 | total 22.3542 | rec_rna 3.1758 | rec_atac 6.3273 | clip 1.1429 | clip_weight 0.1296 | lr 1.00e-04 | best 22.2189
2026-03-27 15:43:10,703 | INFO | SFTrainer | Epoch 2340 | total 22.3181 | rec_rna 3.1707 | rec_atac 6.3281 | clip 1.1779 | clip_weight 0.1160 | lr 1.00e-04 | best 22.1853
2026-03-27 15:43:11,412 | INFO | SFTrainer | Epoch 2350 | total 22.1657 | rec_rna 3.1452 | rec_atac 6.3193 | clip 1.1673 | clip_weight 0.1031 | lr 1.00e-04 | best 22.1657
2026-03-27 15:43:12,127 | INFO | SFTrainer | Epoch 2360 | total 22.2396 | rec_rna 3.1646 | rec_atac 6.3124 | clip 1.1505 | clip_weight 0.0906 | lr 1.00e-04 | best 22.1441
2026-03-27 15:43:12,774 | INFO | SFTrainer | Epoch 2370 | total 22.2468 | rec_rna 3.1643 | rec_atac 6.3272 | clip 1.2421 | clip_weight 0.0789 | lr 1.00e-04 | best 22.1441
2026-03-27 15:43:13,470 | INFO | SFTrainer | Epoch 2380 | total 22.2062 | rec_rna 3.1602 | rec_atac 6.3268 | clip 1.1574 | clip_weight 0.0678 | lr 1.00e-04 | best 22.0996
2026-03-27 15:43:14,114 | INFO | SFTrainer | Epoch 2390 | total 22.2202 | rec_rna 3.1647 | rec_atac 6.3271 | clip 1.2092 | clip_weight 0.0574 | lr 1.00e-04 | best 22.0996
2026-03-27 15:43:14,800 | INFO | SFTrainer | Epoch 2400 | total 22.1438 | rec_rna 3.1567 | rec_atac 6.3024 | clip 1.2113 | clip_weight 0.0477 | lr 1.00e-04 | best 22.0558
2026-03-27 15:43:15,538 | INFO | SFTrainer | Epoch 2410 | total 22.2126 | rec_rna 3.1693 | rec_atac 6.3195 | clip 1.1980 | clip_weight 0.0389 | lr 1.00e-04 | best 22.0548
2026-03-27 15:43:16,256 | INFO | SFTrainer | Epoch 2420 | total 22.0266 | rec_rna 3.1424 | rec_atac 6.2788 | clip 1.1524 | clip_weight 0.0309 | lr 1.00e-04 | best 22.0266
2026-03-27 15:43:16,916 | INFO | SFTrainer | Epoch 2430 | total 22.1087 | rec_rna 3.1527 | rec_atac 6.3161 | clip 1.2289 | clip_weight 0.0238 | lr 1.00e-04 | best 22.0266
2026-03-27 15:43:17,600 | INFO | SFTrainer | Epoch 2440 | total 22.1083 | rec_rna 3.1586 | rec_atac 6.2936 | clip 1.2383 | clip_weight 0.0176 | lr 1.00e-04 | best 22.0231
2026-03-27 15:43:18,315 | INFO | SFTrainer | Epoch 2450 | total 22.0234 | rec_rna 3.1430 | rec_atac 6.2941 | clip 1.1860 | clip_weight 0.0122 | lr 1.00e-04 | best 21.9688
2026-03-27 15:43:18,997 | INFO | SFTrainer | Epoch 2460 | total 22.1325 | rec_rna 3.1610 | rec_atac 6.3176 | clip 1.2460 | clip_weight 0.0079 | lr 1.00e-04 | best 21.9688
2026-03-27 15:43:19,647 | INFO | SFTrainer | Epoch 2470 | total 22.0179 | rec_rna 3.1451 | rec_atac 6.2871 | clip 1.1977 | clip_weight 0.0044 | lr 1.00e-04 | best 21.9688
2026-03-27 15:43:20,305 | INFO | SFTrainer | Epoch 2480 | total 22.1033 | rec_rna 3.1572 | rec_atac 6.3147 | clip 1.2181 | clip_weight 0.0020 | lr 1.00e-04 | best 21.9688
2026-03-27 15:43:20,969 | INFO | SFTrainer | Epoch 2490 | total 22.0155 | rec_rna 3.1522 | rec_atac 6.2539 | clip 1.2642 | clip_weight 0.0005 | lr 1.00e-04 | best 21.9688
2026-03-27 15:43:21,616 | INFO | SFTrainer | Epoch 2500 | total 22.1129 | rec_rna 3.1581 | rec_atac 6.3223 | clip 0.0000 | clip_weight 0.0000 | lr 1.00e-04 | best 21.9688
2026-03-27 15:43:22,258 | INFO | SFTrainer | Epoch 2510 | total 22.0639 | rec_rna 3.1488 | rec_atac 6.3198 | clip 0.0000 | clip_weight 0.0000 | lr 1.00e-04 | best 21.9688
2026-03-27 15:43:22,899 | INFO | SFTrainer | Epoch 2520 | total 22.0913 | rec_rna 3.1546 | rec_atac 6.3185 | clip 0.0000 | clip_weight 0.0000 | lr 1.00e-04 | best 21.9646
2026-03-27 15:43:23,537 | INFO | SFTrainer | Epoch 2530 | total 22.0004 | rec_rna 3.1381 | rec_atac 6.3101 | clip 0.0000 | clip_weight 0.0000 | lr 1.00e-04 | best 21.9594
2026-03-27 15:43:24,146 | INFO | SFTrainer | Epoch 2540 | total 22.0397 | rec_rna 3.1437 | rec_atac 6.3213 | clip 0.0000 | clip_weight 0.0000 | lr 1.00e-04 | best 21.9594
2026-03-27 15:43:24,788 | INFO | SFTrainer | Epoch 2550 | total 22.0461 | rec_rna 3.1503 | rec_atac 6.2944 | clip 0.0000 | clip_weight 0.0000 | lr 1.00e-04 | best 21.9515
2026-03-27 15:43:25,498 | INFO | SFTrainer | Epoch 2560 | total 22.0310 | rec_rna 3.1456 | rec_atac 6.3028 | clip 0.0000 | clip_weight 0.0000 | lr 1.00e-04 | best 21.9389
2026-03-27 15:43:26,135 | INFO | SFTrainer | Epoch 2570 | total 22.0081 | rec_rna 3.1434 | rec_atac 6.2913 | clip 0.0000 | clip_weight 0.0000 | lr 1.00e-04 | best 21.9389
2026-03-27 15:43:26,740 | INFO | SFTrainer | Epoch 2580 | total 22.0137 | rec_rna 3.1390 | rec_atac 6.3188 | clip 0.0000 | clip_weight 0.0000 | lr 1.00e-04 | best 21.9389
2026-03-27 15:43:27,345 | INFO | SFTrainer | Epoch 2590 | total 22.0924 | rec_rna 3.1625 | rec_atac 6.2797 | clip 0.0000 | clip_weight 0.0000 | lr 1.00e-04 | best 21.9389
2026-03-27 15:43:27,955 | INFO | SFTrainer | Epoch 2600 | total 21.9663 | rec_rna 3.1373 | rec_atac 6.2796 | clip 0.0000 | clip_weight 0.0000 | lr 1.00e-04 | best 21.9389
2026-03-27 15:43:28,626 | INFO | SFTrainer | Epoch 2610 | total 22.0118 | rec_rna 3.1428 | rec_atac 6.2978 | clip 0.0000 | clip_weight 0.0000 | lr 1.00e-04 | best 21.9389
2026-03-27 15:43:29,266 | INFO | SFTrainer | Epoch 2620 | total 21.9777 | rec_rna 3.1483 | rec_atac 6.2362 | clip 0.0000 | clip_weight 0.0000 | lr 1.00e-04 | best 21.9074
2026-03-27 15:43:29,878 | INFO | SFTrainer | Epoch 2630 | total 22.0435 | rec_rna 3.1417 | rec_atac 6.3351 | clip 0.0000 | clip_weight 0.0000 | lr 1.00e-04 | best 21.9074
2026-03-27 15:43:30,487 | INFO | SFTrainer | Epoch 2640 | total 21.9331 | rec_rna 3.1291 | rec_atac 6.2875 | clip 0.0000 | clip_weight 0.0000 | lr 1.00e-04 | best 21.9074
2026-03-27 15:43:31,136 | INFO | SFTrainer | Epoch 2650 | total 22.0258 | rec_rna 3.1420 | rec_atac 6.3159 | clip 0.0000 | clip_weight 0.0000 | lr 1.00e-04 | best 21.8916
2026-03-27 15:43:31,797 | INFO | SFTrainer | Epoch 2660 | total 22.0310 | rec_rna 3.1499 | rec_atac 6.2817 | clip 0.0000 | clip_weight 0.0000 | lr 1.00e-04 | best 21.8916
2026-03-27 15:43:32,408 | INFO | SFTrainer | Epoch 2670 | total 22.0071 | rec_rna 3.1437 | rec_atac 6.2885 | clip 0.0000 | clip_weight 0.0000 | lr 1.00e-04 | best 21.8916
2026-03-27 15:43:33,024 | INFO | SFTrainer | Epoch 2680 | total 21.9628 | rec_rna 3.1345 | rec_atac 6.2904 | clip 0.0000 | clip_weight 0.0000 | lr 1.00e-04 | best 21.8916
2026-03-27 15:43:33,636 | INFO | SFTrainer | Epoch 2690 | total 21.9772 | rec_rna 3.1350 | rec_atac 6.3020 | clip 0.0000 | clip_weight 0.0000 | lr 1.00e-04 | best 21.8916
2026-03-27 15:43:34,327 | INFO | SFTrainer | Epoch 2700 | total 22.0294 | rec_rna 3.1546 | rec_atac 6.2562 | clip 0.0000 | clip_weight 0.0000 | lr 1.00e-04 | best 21.7956
2026-03-27 15:43:35,016 | INFO | SFTrainer | Epoch 2710 | total 22.0260 | rec_rna 3.1523 | rec_atac 6.2644 | clip 0.0000 | clip_weight 0.0000 | lr 1.00e-04 | best 21.7956
2026-03-27 15:43:35,650 | INFO | SFTrainer | Epoch 2720 | total 21.9726 | rec_rna 3.1407 | rec_atac 6.2693 | clip 0.0000 | clip_weight 0.0000 | lr 1.00e-04 | best 21.7956
2026-03-27 15:43:36,276 | INFO | SFTrainer | Epoch 2730 | total 21.8792 | rec_rna 3.1207 | rec_atac 6.2758 | clip 0.0000 | clip_weight 0.0000 | lr 1.00e-04 | best 21.7956
2026-03-27 15:43:36,905 | INFO | SFTrainer | Epoch 2740 | total 21.8929 | rec_rna 3.1245 | rec_atac 6.2703 | clip 0.0000 | clip_weight 0.0000 | lr 1.00e-04 | best 21.7956
2026-03-27 15:43:37,538 | INFO | SFTrainer | Epoch 2750 | total 21.9555 | rec_rna 3.1296 | rec_atac 6.3076 | clip 0.0000 | clip_weight 0.0000 | lr 1.00e-04 | best 21.7956
2026-03-27 15:43:38,205 | INFO | SFTrainer | Epoch 2760 | total 21.8867 | rec_rna 3.1244 | rec_atac 6.2647 | clip 0.0000 | clip_weight 0.0000 | lr 1.00e-04 | best 21.7956
2026-03-27 15:43:38,829 | INFO | SFTrainer | Epoch 2770 | total 21.9155 | rec_rna 3.1282 | rec_atac 6.2743 | clip 0.0000 | clip_weight 0.0000 | lr 1.00e-04 | best 21.7956
2026-03-27 15:43:39,486 | INFO | SFTrainer | Epoch 2780 | total 21.8790 | rec_rna 3.1163 | rec_atac 6.2976 | clip 0.0000 | clip_weight 0.0000 | lr 1.00e-04 | best 21.7956
2026-03-27 15:43:40,122 | INFO | SFTrainer | Epoch 2790 | total 22.0239 | rec_rna 3.1503 | rec_atac 6.2725 | clip 0.0000 | clip_weight 0.0000 | lr 1.00e-04 | best 21.7956
2026-03-27 15:43:40,764 | INFO | SFTrainer | Epoch 2800 | total 21.9276 | rec_rna 3.1268 | rec_atac 6.2936 | clip 0.0000 | clip_weight 0.0000 | lr 1.00e-04 | best 21.7956
2026-03-27 15:43:41,450 | INFO | SFTrainer | Epoch 2810 | total 22.0254 | rec_rna 3.1443 | rec_atac 6.3038 | clip 0.0000 | clip_weight 0.0000 | lr 1.00e-04 | best 21.7956
2026-03-27 15:43:42,077 | INFO | SFTrainer | Epoch 2820 | total 21.9280 | rec_rna 3.1373 | rec_atac 6.2415 | clip 0.0000 | clip_weight 0.0000 | lr 1.00e-04 | best 21.7956
2026-03-27 15:43:42,702 | INFO | SFTrainer | Epoch 2830 | total 21.8917 | rec_rna 3.1242 | rec_atac 6.2707 | clip 0.0000 | clip_weight 0.0000 | lr 1.00e-04 | best 21.7956
2026-03-27 15:43:43,352 | INFO | SFTrainer | Epoch 2840 | total 21.9131 | rec_rna 3.1296 | rec_atac 6.2648 | clip 0.0000 | clip_weight 0.0000 | lr 1.00e-04 | best 21.7956
2026-03-27 15:43:43,991 | INFO | SFTrainer | Epoch 2850 | total 21.8908 | rec_rna 3.1254 | rec_atac 6.2636 | clip 0.0000 | clip_weight 0.0000 | lr 1.00e-04 | best 21.7956
2026-03-27 15:43:44,673 | INFO | SFTrainer | Epoch 2860 | total 21.9079 | rec_rna 3.1325 | rec_atac 6.2456 | clip 0.0000 | clip_weight 0.0000 | lr 1.00e-04 | best 21.7956
2026-03-27 15:43:45,305 | INFO | SFTrainer | Epoch 2870 | total 21.8793 | rec_rna 3.1214 | rec_atac 6.2725 | clip 0.0000 | clip_weight 0.0000 | lr 1.00e-04 | best 21.7956
2026-03-27 15:43:45,969 | INFO | SFTrainer | Epoch 2880 | total 21.9535 | rec_rna 3.1344 | rec_atac 6.2813 | clip 0.0000 | clip_weight 0.0000 | lr 1.00e-04 | best 21.7956
2026-03-27 15:43:46,637 | INFO | SFTrainer | Epoch 2890 | total 22.0129 | rec_rna 3.1436 | rec_atac 6.2950 | clip 0.0000 | clip_weight 0.0000 | lr 1.00e-04 | best 21.7865
2026-03-27 15:43:47,258 | INFO | SFTrainer | Epoch 2900 | total 21.8594 | rec_rna 3.1253 | rec_atac 6.2327 | clip 0.0000 | clip_weight 0.0000 | lr 1.00e-04 | best 21.7865
2026-03-27 15:43:47,969 | INFO | SFTrainer | Epoch 2910 | total 21.9559 | rec_rna 3.1370 | rec_atac 6.2710 | clip 0.0000 | clip_weight 0.0000 | lr 1.00e-04 | best 21.7865
2026-03-27 15:43:48,601 | INFO | SFTrainer | Epoch 2920 | total 21.8724 | rec_rna 3.1187 | rec_atac 6.2787 | clip 0.0000 | clip_weight 0.0000 | lr 1.00e-04 | best 21.7865
2026-03-27 15:43:49,233 | INFO | SFTrainer | Epoch 2930 | total 21.9478 | rec_rna 3.1287 | rec_atac 6.3044 | clip 0.0000 | clip_weight 0.0000 | lr 1.00e-04 | best 21.7865
2026-03-27 15:43:49,863 | INFO | SFTrainer | Epoch 2940 | total 21.9525 | rec_rna 3.1380 | rec_atac 6.2624 | clip 0.0000 | clip_weight 0.0000 | lr 1.00e-04 | best 21.7865
2026-03-27 15:43:50,517 | INFO | SFTrainer | Epoch 2950 | total 21.8922 | rec_rna 3.1313 | rec_atac 6.2355 | clip 0.0000 | clip_weight 0.0000 | lr 1.00e-04 | best 21.7865
2026-03-27 15:43:51,218 | INFO | SFTrainer | Epoch 2960 | total 21.9227 | rec_rna 3.1264 | rec_atac 6.2905 | clip 0.0000 | clip_weight 0.0000 | lr 1.00e-04 | best 21.7203
2026-03-27 15:43:51,869 | INFO | SFTrainer | Epoch 2970 | total 21.7979 | rec_rna 3.1078 | rec_atac 6.2588 | clip 0.0000 | clip_weight 0.0000 | lr 1.00e-04 | best 21.7203
2026-03-27 15:43:52,488 | INFO | SFTrainer | Epoch 2980 | total 21.9147 | rec_rna 3.1290 | rec_atac 6.2699 | clip 0.0000 | clip_weight 0.0000 | lr 1.00e-04 | best 21.7203
2026-03-27 15:43:53,122 | INFO | SFTrainer | Epoch 2990 | total 21.9270 | rec_rna 3.1333 | rec_atac 6.2605 | clip 0.0000 | clip_weight 0.0000 | lr 1.00e-04 | best 21.7203
2026-03-27 15:43:53,757 | INFO | SFTrainer | Epoch 3000 | total 21.8926 | rec_rna 3.1252 | rec_atac 6.2664 | clip 0.0000 | clip_weight 0.0000 | lr 1.00e-04 | best 21.7203
2026-03-27 15:43:53,806 | INFO | SFTrainer | Training finished. Best loss=21.7203
2026-03-27 15:43:53,807 | INFO | SFTrainer | Training run complete.


========================================================================================
2026-03-27 16:53:00,866 | INFO | SFEvaluateRange | [Range Evaluate] Started. epochs=[1500, 1600, 1700, 1800, 1900, 2000]
2026-03-27 16:53:00,866 | INFO | SFEvaluateRange | Loading processed data...
2026-03-27 16:53:01,147 | INFO | SFEvaluateRange | Initializing model...
2026-03-27 16:53:01,252 | INFO | SFEvaluateRange | Evaluating epoch 1500 with ckpt_1500.pth
2026-03-27 16:53:29,132 | INFO | SFEvaluateRange | GT metrics (epoch_1500) | ARI=0.3839 | NMI=0.5756 | AMI=0.5680 | HOM=0.6287 | n_valid=2129
2026-03-27 16:53:29,132 | INFO | SFEvaluateRange | Artifacts (epoch_1500): ./results/misar_e18/figures/spatial_analysis_epoch_1500.pdf | ./results/misar_e18/predictions/embedding_joint_epoch_1500.h5ad
2026-03-27 16:53:29,132 | INFO | SFEvaluateRange | Evaluating epoch 1600 with ckpt_1600.pth
2026-03-27 16:53:45,257 | INFO | SFEvaluateRange | GT metrics (epoch_1600) | ARI=0.4945 | NMI=0.6036 | AMI=0.5965 | HOM=0.6519 | n_valid=2129
2026-03-27 16:53:45,258 | INFO | SFEvaluateRange | Artifacts (epoch_1600): ./results/misar_e18/figures/spatial_analysis_epoch_1600.pdf | ./results/misar_e18/predictions/embedding_joint_epoch_1600.h5ad
2026-03-27 16:53:45,258 | INFO | SFEvaluateRange | Evaluating epoch 1700 with ckpt_1700.pth
2026-03-27 16:53:59,512 | INFO | SFEvaluateRange | GT metrics (epoch_1700) | ARI=0.3876 | NMI=0.5971 | AMI=0.5899 | HOM=0.6524 | n_valid=2129
2026-03-27 16:53:59,513 | INFO | SFEvaluateRange | Artifacts (epoch_1700): ./results/misar_e18/figures/spatial_analysis_epoch_1700.pdf | ./results/misar_e18/predictions/embedding_joint_epoch_1700.h5ad
2026-03-27 16:53:59,513 | INFO | SFEvaluateRange | Evaluating epoch 1800 with ckpt_1800.pth
2026-03-27 16:54:13,276 | INFO | SFEvaluateRange | GT metrics (epoch_1800) | ARI=0.5130 | NMI=0.6079 | AMI=0.6009 | HOM=0.6607 | n_valid=2129
2026-03-27 16:54:13,276 | INFO | SFEvaluateRange | Artifacts (epoch_1800): ./results/misar_e18/figures/spatial_analysis_epoch_1800.pdf | ./results/misar_e18/predictions/embedding_joint_epoch_1800.h5ad
2026-03-27 16:54:13,277 | INFO | SFEvaluateRange | Evaluating epoch 1900 with ckpt_1900.pth
2026-03-27 16:54:29,517 | INFO | SFEvaluateRange | GT metrics (epoch_1900) | ARI=0.4049 | NMI=0.5937 | AMI=0.5865 | HOM=0.6512 | n_valid=2129
2026-03-27 16:54:29,518 | INFO | SFEvaluateRange | Artifacts (epoch_1900): ./results/misar_e18/figures/spatial_analysis_epoch_1900.pdf | ./results/misar_e18/predictions/embedding_joint_epoch_1900.h5ad
2026-03-27 16:54:29,518 | INFO | SFEvaluateRange | Evaluating epoch 2000 with ckpt_2000.pth
2026-03-27 16:54:44,298 | INFO | SFEvaluateRange | GT metrics (epoch_2000) | ARI=0.3814 | NMI=0.5898 | AMI=0.5824 | HOM=0.6405 | n_valid=2129
2026-03-27 16:54:44,299 | INFO | SFEvaluateRange | Artifacts (epoch_2000): ./results/misar_e18/figures/spatial_analysis_epoch_2000.pdf | ./results/misar_e18/predictions/embedding_joint_epoch_2000.h5ad
2026-03-27 16:54:44,299 | INFO | SFEvaluateRange | Range evaluation complete. Success=6 | Failed/Skipped=0

========================================================================================
2026-03-27 16:56:08,173 | INFO | SFEvaluateRange | [Range Evaluate] Started. epochs=[2100, 2200, 2300, 2400, 2500, 2600, 2700, 2800, 2900]
2026-03-27 16:56:08,174 | INFO | SFEvaluateRange | Loading processed data...
2026-03-27 16:56:08,504 | INFO | SFEvaluateRange | Initializing model...
2026-03-27 16:56:08,630 | INFO | SFEvaluateRange | Evaluating epoch 2100 with ckpt_2100.pth
2026-03-27 16:56:35,246 | INFO | SFEvaluateRange | GT metrics (epoch_2100) | ARI=0.3704 | NMI=0.5746 | AMI=0.5671 | HOM=0.6326 | n_valid=2129
2026-03-27 16:56:35,247 | INFO | SFEvaluateRange | Artifacts (epoch_2100): ./results/misar_e18/figures/spatial_analysis_epoch_2100.pdf | ./results/misar_e18/predictions/embedding_joint_epoch_2100.h5ad
2026-03-27 16:56:35,247 | INFO | SFEvaluateRange | Evaluating epoch 2200 with ckpt_2200.pth
2026-03-27 16:56:48,924 | INFO | SFEvaluateRange | GT metrics (epoch_2200) | ARI=0.4602 | NMI=0.6125 | AMI=0.6056 | HOM=0.6677 | n_valid=2129
2026-03-27 16:56:48,925 | INFO | SFEvaluateRange | Artifacts (epoch_2200): ./results/misar_e18/figures/spatial_analysis_epoch_2200.pdf | ./results/misar_e18/predictions/embedding_joint_epoch_2200.h5ad
2026-03-27 16:56:48,925 | INFO | SFEvaluateRange | Evaluating epoch 2300 with ckpt_2300.pth
2026-03-27 16:57:03,447 | INFO | SFEvaluateRange | GT metrics (epoch_2300) | ARI=0.4301 | NMI=0.6034 | AMI=0.5962 | HOM=0.6519 | n_valid=2129
2026-03-27 16:57:03,448 | INFO | SFEvaluateRange | Artifacts (epoch_2300): ./results/misar_e18/figures/spatial_analysis_epoch_2300.pdf | ./results/misar_e18/predictions/embedding_joint_epoch_2300.h5ad
2026-03-27 16:57:03,448 | INFO | SFEvaluateRange | Evaluating epoch 2400 with ckpt_2400.pth
2026-03-27 16:57:18,796 | INFO | SFEvaluateRange | GT metrics (epoch_2400) | ARI=0.5051 | NMI=0.6050 | AMI=0.5979 | HOM=0.6555 | n_valid=2129
2026-03-27 16:57:18,797 | INFO | SFEvaluateRange | Artifacts (epoch_2400): ./results/misar_e18/figures/spatial_analysis_epoch_2400.pdf | ./results/misar_e18/predictions/embedding_joint_epoch_2400.h5ad
2026-03-27 16:57:18,797 | INFO | SFEvaluateRange | Evaluating epoch 2500 with ckpt_2500.pth
2026-03-27 16:57:32,644 | INFO | SFEvaluateRange | GT metrics (epoch_2500) | ARI=0.4895 | NMI=0.5990 | AMI=0.5918 | HOM=0.6510 | n_valid=2129
2026-03-27 16:57:32,645 | INFO | SFEvaluateRange | Artifacts (epoch_2500): ./results/misar_e18/figures/spatial_analysis_epoch_2500.pdf | ./results/misar_e18/predictions/embedding_joint_epoch_2500.h5ad
2026-03-27 16:57:32,645 | INFO | SFEvaluateRange | Evaluating epoch 2600 with ckpt_2600.pth
2026-03-27 16:57:46,536 | INFO | SFEvaluateRange | GT metrics (epoch_2600) | ARI=0.4693 | NMI=0.6003 | AMI=0.5931 | HOM=0.6458 | n_valid=2129
2026-03-27 16:57:46,536 | INFO | SFEvaluateRange | Artifacts (epoch_2600): ./results/misar_e18/figures/spatial_analysis_epoch_2600.pdf | ./results/misar_e18/predictions/embedding_joint_epoch_2600.h5ad
2026-03-27 16:57:46,537 | INFO | SFEvaluateRange | Evaluating epoch 2700 with ckpt_2700.pth
2026-03-27 16:58:01,004 | INFO | SFEvaluateRange | GT metrics (epoch_2700) | ARI=0.4647 | NMI=0.5991 | AMI=0.5918 | HOM=0.6468 | n_valid=2129
2026-03-27 16:58:01,005 | INFO | SFEvaluateRange | Artifacts (epoch_2700): ./results/misar_e18/figures/spatial_analysis_epoch_2700.pdf | ./results/misar_e18/predictions/embedding_joint_epoch_2700.h5ad
2026-03-27 16:58:01,005 | INFO | SFEvaluateRange | Evaluating epoch 2800 with ckpt_2800.pth
2026-03-27 16:58:16,401 | INFO | SFEvaluateRange | GT metrics (epoch_2800) | ARI=0.3935 | NMI=0.5863 | AMI=0.5789 | HOM=0.6379 | n_valid=2129
2026-03-27 16:58:16,401 | INFO | SFEvaluateRange | Artifacts (epoch_2800): ./results/misar_e18/figures/spatial_analysis_epoch_2800.pdf | ./results/misar_e18/predictions/embedding_joint_epoch_2800.h5ad
2026-03-27 16:58:16,402 | INFO | SFEvaluateRange | Evaluating epoch 2900 with ckpt_2900.pth
2026-03-27 16:58:31,301 | INFO | SFEvaluateRange | GT metrics (epoch_2900) | ARI=0.3890 | NMI=0.5949 | AMI=0.5877 | HOM=0.6493 | n_valid=2129
2026-03-27 16:58:31,302 | INFO | SFEvaluateRange | Artifacts (epoch_2900): ./results/misar_e18/figures/spatial_analysis_epoch_2900.pdf | ./results/misar_e18/predictions/embedding_joint_epoch_2900.h5ad
2026-03-27 16:58:31,302 | INFO | SFEvaluateRange | Range evaluation complete. Success=9 | Failed/Skipped=0

========================================================================================
2026-03-30 12:36:46,308 | INFO | SFPipeline | Pipeline start: dataset=misar_e18-5-s1
2026-03-30 12:36:46,315 | INFO | SFPipeline | Config:
project:
  name: SF_MISAR_E18_5_S1_Analysis
  version: 1.0.0
  seed: 42
  save_dir: ./results/misar/misar_e18-5-s1/checkpoints/
  eval_dir: ./results/misar/misar_e18-5-s1/predictions/
eval:
  checkpoint: best
  n_clusters: 14
  mclust_pca_dim: 20
  resolution: 0.9
  moran_k: 6
  plotting:
    figure_dpi: 180
    figure_size:
    - 14
    - 6
    panel_size:
    - 6
    - 6
    umap_point_size: 60
    spatial_point_size: 80
    alpha: 1.0
    legend_loc: on data
    palette_mode: high_contrast
  checkpoints:
    best: ckpt_best.pth
    final: ckpt_300.pth
data:
  raw_path: data/raw/misar/misar_e18-5-s1
  processed_path: data/processed/misar/misar_e18-5-s1
  files:
    rna_h5ad: adata_RNA.h5ad
    atac_h5ad: adata_Peak.h5ad
    gtf: ../gencode.vM23.annotation.gtf.gz
  parameters:
    reduce:
      mode: gpu_safe
      device: auto
      q_offset: 8
      niter: 3
    n_top_genes: 3000
    rna_pca_dim: 512
    rna_min_cells: 3
    rna_target_sum: 1e4
    n_global_peaks: 50000
    n_final_peaks: 30000
    atac_pca_dim: 512
    atac_min_cells: 50
    atac_target_sum: 1e4
    tfidf_eps: 1e-6
    tss_window: 150000
    knn_k: 6
    ground_truth_key: Combined_Clusters
model:
  name: SFNet
  rna_in_dim: 3000
  hidden_dim: 512
  rna_n_heads: 4
  rna_dropout: 0.1
  atac_dropout: 0.1
  n_heads: 4
  dropout: 0.1
  grid_size: 128
  latent_dim: 50
  sfib_dim: 128
  sfib_ino_layers: 2
  proj_hidden_dim: 64
  proj_output_dim: 64
  rna_dec_hidden: 512
  rna_dec_blocks: 1
  atac_dec_hidden: 512
  atac_dec_blocks: 1
  sfib_debug_mode: false
  model.sfib_debug_epochs:
  - 1
  - 10
  - 20
  model.sfib_debug_every_n_epochs: 20
train:
  epochs: 3000
  batch_size: 1
  learning_rate: 1e-3
  learning_rate_low: 1e-4
  lr_switch_epoch: 2000
  weight_decay: 1e-4
  lambda_rna: 5.0
  lambda_atac: 1.0
  lambda_clip: 0.5
  fade_start_epoch: 2000
  fade_end_epoch: 2500
  pos_weight_rna: 10.0
  pos_weight_atac: 20.0
  clip_temperature: 0.5
  save_every: 50
  device: cuda
  log_interval: 10
  log_tail_blank_lines: 5
  best_name: ckpt_best.pth

2026-03-30 12:36:46,315 | INFO | SFPipeline | Pipeline steps: ['Preprocess', 'Train', 'Evaluate']
2026-03-30 12:36:46,316 | INFO | SFPipeline | Step start: Preprocess
2026-03-30 12:36:51,309 | INFO | SFPreprocess | [Phase 1] Starting Data Preprocessing...
2026-03-30 12:36:51,309 | INFO | SFPreprocess | Loading raw data...
2026-03-30 12:36:51,309 | INFO | SFPreprocess | Data loader: paired h5ad
2026-03-30 12:37:30,437 | INFO | SFPreprocess | Aligned final cells: RNA=2129, ATAC=2129
2026-03-30 12:42:56,590 | INFO | SFPreprocess | Reduced shapes: RNA=(2129, 512), ATAC=(2129, 512)
2026-03-30 12:43:20,292 | INFO | SFPreprocess | Saving processed tensors...
2026-03-30 12:43:20,417 | INFO | SFPreprocess | Preprocessing complete: data/processed/misar/misar_e18-5-s1/processed_data.pt
2026-03-30 12:43:21,746 | INFO | SFPipeline | Step done: Preprocess
2026-03-30 12:43:21,747 | INFO | SFPipeline | Step start: Train
2026-03-30 12:43:27,571 | INFO | SFTrainer | [Phase 2] Starting Model Training...
2026-03-30 12:43:27,572 | INFO | SFTrainer | Loading processed data...
2026-03-30 12:43:27,600 | INFO | SFTrainer | Data ready: RNA=torch.Size([2129, 512]), ATAC=torch.Size([2129, 512]), edges=12774
2026-03-30 12:43:27,601 | INFO | SFTrainer | Initializing model...
2026-03-30 12:43:28,061 | INFO | SFTrainer | Training started.
2026-03-30 12:43:28,061 | INFO | SFTrainer | Training started: epochs=3000
2026-03-30 12:43:29,888 | INFO | SFTrainer | Epoch 010 | total 73.4344 | rec_rna 9.0262 | rec_atac 24.4804 | clip 7.6464 | clip_weight 0.5000 | lr 1.00e-03 | best 73.4344
2026-03-30 12:43:30,909 | INFO | SFTrainer | Epoch 020 | total 68.6267 | rec_rna 8.7240 | rec_atac 21.2198 | clip 7.5736 | clip_weight 0.5000 | lr 1.00e-03 | best 68.6267
2026-03-30 12:43:31,888 | INFO | SFTrainer | Epoch 030 | total 66.3504 | rec_rna 8.5328 | rec_atac 19.9583 | clip 7.4567 | clip_weight 0.5000 | lr 1.00e-03 | best 66.3504
2026-03-30 12:43:32,868 | INFO | SFTrainer | Epoch 040 | total 64.1191 | rec_rna 8.2222 | rec_atac 19.3638 | clip 7.2884 | clip_weight 0.5000 | lr 1.00e-03 | best 64.1191
2026-03-30 12:43:33,894 | INFO | SFTrainer | Epoch 050 | total 62.5873 | rec_rna 8.0458 | rec_atac 18.8100 | clip 7.0967 | clip_weight 0.5000 | lr 1.00e-03 | best 62.5873
2026-03-30 12:43:34,937 | INFO | SFTrainer | Epoch 060 | total 61.3602 | rec_rna 7.9339 | rec_atac 18.1885 | clip 7.0043 | clip_weight 0.5000 | lr 1.00e-03 | best 61.3602
2026-03-30 12:43:35,926 | INFO | SFTrainer | Epoch 070 | total 60.1138 | rec_rna 7.8362 | rec_atac 17.5001 | clip 6.8656 | clip_weight 0.5000 | lr 1.00e-03 | best 60.1138
2026-03-30 12:43:36,913 | INFO | SFTrainer | Epoch 080 | total 59.1533 | rec_rna 7.7539 | rec_atac 17.0022 | clip 6.7633 | clip_weight 0.5000 | lr 1.00e-03 | best 59.1533
2026-03-30 12:43:37,905 | INFO | SFTrainer | Epoch 090 | total 58.3786 | rec_rna 7.6819 | rec_atac 16.6380 | clip 6.6623 | clip_weight 0.5000 | lr 1.00e-03 | best 58.3786
2026-03-30 12:43:38,917 | INFO | SFTrainer | Epoch 100 | total 57.6786 | rec_rna 7.6061 | rec_atac 16.3562 | clip 6.5841 | clip_weight 0.5000 | lr 1.00e-03 | best 57.6786
2026-03-30 12:43:39,918 | INFO | SFTrainer | Epoch 110 | total 56.9244 | rec_rna 7.5126 | rec_atac 16.1017 | clip 6.5194 | clip_weight 0.5000 | lr 1.00e-03 | best 56.9244
2026-03-30 12:43:40,913 | INFO | SFTrainer | Epoch 120 | total 56.2322 | rec_rna 7.4149 | rec_atac 15.9234 | clip 6.4684 | clip_weight 0.5000 | lr 1.00e-03 | best 56.2322
2026-03-30 12:43:41,920 | INFO | SFTrainer | Epoch 130 | total 55.3843 | rec_rna 7.2914 | rec_atac 15.7224 | clip 6.4095 | clip_weight 0.5000 | lr 1.00e-03 | best 55.3843
2026-03-30 12:43:42,926 | INFO | SFTrainer | Epoch 140 | total 54.5682 | rec_rna 7.1650 | rec_atac 15.5543 | clip 6.3782 | clip_weight 0.5000 | lr 1.00e-03 | best 54.5682
2026-03-30 12:43:43,906 | INFO | SFTrainer | Epoch 150 | total 53.7104 | rec_rna 7.0302 | rec_atac 15.3853 | clip 6.3488 | clip_weight 0.5000 | lr 1.00e-03 | best 53.7104
2026-03-30 12:43:44,935 | INFO | SFTrainer | Epoch 160 | total 52.8359 | rec_rna 6.8908 | rec_atac 15.2259 | clip 6.3116 | clip_weight 0.5000 | lr 1.00e-03 | best 52.8359
2026-03-30 12:43:45,949 | INFO | SFTrainer | Epoch 170 | total 52.0600 | rec_rna 6.7682 | rec_atac 15.0698 | clip 6.2988 | clip_weight 0.5000 | lr 1.00e-03 | best 52.0600
2026-03-30 12:43:46,936 | INFO | SFTrainer | Epoch 180 | total 51.2461 | rec_rna 6.6444 | rec_atac 14.8901 | clip 6.2674 | clip_weight 0.5000 | lr 1.00e-03 | best 51.2461
2026-03-30 12:43:47,938 | INFO | SFTrainer | Epoch 190 | total 50.5507 | rec_rna 6.5376 | rec_atac 14.7518 | clip 6.2218 | clip_weight 0.5000 | lr 1.00e-03 | best 50.5507
2026-03-30 12:43:48,916 | INFO | SFTrainer | Epoch 200 | total 49.7365 | rec_rna 6.4105 | rec_atac 14.5742 | clip 6.2200 | clip_weight 0.5000 | lr 1.00e-03 | best 49.7365
2026-03-30 12:43:49,940 | INFO | SFTrainer | Epoch 210 | total 48.9618 | rec_rna 6.2868 | rec_atac 14.4382 | clip 6.1788 | clip_weight 0.5000 | lr 1.00e-03 | best 48.9618
2026-03-30 12:43:50,868 | INFO | SFTrainer | Epoch 220 | total 48.2630 | rec_rna 6.1765 | rec_atac 14.3125 | clip 6.1363 | clip_weight 0.5000 | lr 1.00e-03 | best 48.2630
2026-03-30 12:43:51,892 | INFO | SFTrainer | Epoch 230 | total 47.4936 | rec_rna 6.0631 | rec_atac 14.1136 | clip 6.1295 | clip_weight 0.5000 | lr 1.00e-03 | best 47.4936
2026-03-30 12:43:52,883 | INFO | SFTrainer | Epoch 240 | total 46.7651 | rec_rna 5.9555 | rec_atac 13.9343 | clip 6.1065 | clip_weight 0.5000 | lr 1.00e-03 | best 46.7651
2026-03-30 12:43:53,846 | INFO | SFTrainer | Epoch 250 | total 46.1165 | rec_rna 5.8616 | rec_atac 13.7629 | clip 6.0917 | clip_weight 0.5000 | lr 1.00e-03 | best 46.1165
2026-03-30 12:43:54,867 | INFO | SFTrainer | Epoch 260 | total 45.4737 | rec_rna 5.7682 | rec_atac 13.6008 | clip 6.0635 | clip_weight 0.5000 | lr 1.00e-03 | best 45.4737
2026-03-30 12:43:55,867 | INFO | SFTrainer | Epoch 270 | total 44.7335 | rec_rna 5.6618 | rec_atac 13.4145 | clip 6.0198 | clip_weight 0.5000 | lr 1.00e-03 | best 44.7335
2026-03-30 12:43:56,848 | INFO | SFTrainer | Epoch 280 | total 44.1691 | rec_rna 5.5808 | rec_atac 13.2490 | clip 6.0325 | clip_weight 0.5000 | lr 1.00e-03 | best 44.1003
2026-03-30 12:43:57,860 | INFO | SFTrainer | Epoch 290 | total 43.4614 | rec_rna 5.4816 | rec_atac 13.0589 | clip 5.9895 | clip_weight 0.5000 | lr 1.00e-03 | best 43.4614
2026-03-30 12:43:58,783 | INFO | SFTrainer | Epoch 300 | total 42.8603 | rec_rna 5.3981 | rec_atac 12.8837 | clip 5.9726 | clip_weight 0.5000 | lr 1.00e-03 | best 42.8603
2026-03-30 12:43:59,797 | INFO | SFTrainer | Epoch 310 | total 42.2797 | rec_rna 5.3191 | rec_atac 12.7078 | clip 5.9527 | clip_weight 0.5000 | lr 1.00e-03 | best 42.2797
2026-03-30 12:44:00,771 | INFO | SFTrainer | Epoch 320 | total 41.6371 | rec_rna 5.2333 | rec_atac 12.5134 | clip 5.9141 | clip_weight 0.5000 | lr 1.00e-03 | best 41.6371
2026-03-30 12:44:01,732 | INFO | SFTrainer | Epoch 330 | total 41.0426 | rec_rna 5.1564 | rec_atac 12.3050 | clip 5.9114 | clip_weight 0.5000 | lr 1.00e-03 | best 41.0426
2026-03-30 12:44:02,671 | INFO | SFTrainer | Epoch 340 | total 40.5586 | rec_rna 5.0906 | rec_atac 12.1571 | clip 5.8975 | clip_weight 0.5000 | lr 1.00e-03 | best 40.5586
2026-03-30 12:44:03,596 | INFO | SFTrainer | Epoch 350 | total 40.0201 | rec_rna 5.0225 | rec_atac 11.9731 | clip 5.8693 | clip_weight 0.5000 | lr 1.00e-03 | best 40.0201
2026-03-30 12:44:04,591 | INFO | SFTrainer | Epoch 360 | total 39.5020 | rec_rna 4.9629 | rec_atac 11.7640 | clip 5.8472 | clip_weight 0.5000 | lr 1.00e-03 | best 39.5020
2026-03-30 12:44:05,515 | INFO | SFTrainer | Epoch 370 | total 38.9485 | rec_rna 4.8910 | rec_atac 11.5849 | clip 5.8173 | clip_weight 0.5000 | lr 1.00e-03 | best 38.9485
2026-03-30 12:44:06,480 | INFO | SFTrainer | Epoch 380 | total 38.4949 | rec_rna 4.8374 | rec_atac 11.4172 | clip 5.7811 | clip_weight 0.5000 | lr 1.00e-03 | best 38.4949
2026-03-30 12:44:07,306 | INFO | SFTrainer | Epoch 390 | total 38.0758 | rec_rna 4.7876 | rec_atac 11.2482 | clip 5.7792 | clip_weight 0.5000 | lr 1.00e-03 | best 38.0758
2026-03-30 12:44:08,209 | INFO | SFTrainer | Epoch 400 | total 37.6592 | rec_rna 4.7368 | rec_atac 11.0975 | clip 5.7554 | clip_weight 0.5000 | lr 1.00e-03 | best 37.6434
2026-03-30 12:44:09,167 | INFO | SFTrainer | Epoch 410 | total 37.2289 | rec_rna 4.6882 | rec_atac 10.9266 | clip 5.7222 | clip_weight 0.5000 | lr 1.00e-03 | best 37.1830
2026-03-30 12:44:10,091 | INFO | SFTrainer | Epoch 420 | total 36.8665 | rec_rna 4.6427 | rec_atac 10.7889 | clip 5.7280 | clip_weight 0.5000 | lr 1.00e-03 | best 36.8156
2026-03-30 12:44:11,004 | INFO | SFTrainer | Epoch 430 | total 36.3776 | rec_rna 4.5771 | rec_atac 10.6371 | clip 5.7099 | clip_weight 0.5000 | lr 1.00e-03 | best 36.3708
2026-03-30 12:44:11,845 | INFO | SFTrainer | Epoch 440 | total 36.0094 | rec_rna 4.5440 | rec_atac 10.4667 | clip 5.6456 | clip_weight 0.5000 | lr 1.00e-03 | best 36.0094
2026-03-30 12:44:12,689 | INFO | SFTrainer | Epoch 450 | total 35.7373 | rec_rna 4.5124 | rec_atac 10.3529 | clip 5.6452 | clip_weight 0.5000 | lr 1.00e-03 | best 35.7341
2026-03-30 12:44:13,564 | INFO | SFTrainer | Epoch 460 | total 35.3817 | rec_rna 4.4701 | rec_atac 10.2242 | clip 5.6138 | clip_weight 0.5000 | lr 1.00e-03 | best 35.3817
2026-03-30 12:44:14,478 | INFO | SFTrainer | Epoch 470 | total 35.0599 | rec_rna 4.4361 | rec_atac 10.0734 | clip 5.6120 | clip_weight 0.5000 | lr 1.00e-03 | best 35.0524
2026-03-30 12:44:15,382 | INFO | SFTrainer | Epoch 480 | total 34.7664 | rec_rna 4.3914 | rec_atac 10.0139 | clip 5.5909 | clip_weight 0.5000 | lr 1.00e-03 | best 34.7587
2026-03-30 12:44:16,280 | INFO | SFTrainer | Epoch 490 | total 34.4517 | rec_rna 4.3657 | rec_atac 9.8535 | clip 5.5400 | clip_weight 0.5000 | lr 1.00e-03 | best 34.4517
2026-03-30 12:44:17,280 | INFO | SFTrainer | Epoch 500 | total 34.0898 | rec_rna 4.3217 | rec_atac 9.7169 | clip 5.5290 | clip_weight 0.5000 | lr 1.00e-03 | best 34.0898
2026-03-30 12:44:18,181 | INFO | SFTrainer | Epoch 510 | total 33.9701 | rec_rna 4.3087 | rec_atac 9.6730 | clip 5.5072 | clip_weight 0.5000 | lr 1.00e-03 | best 33.8677
2026-03-30 12:44:19,056 | INFO | SFTrainer | Epoch 520 | total 33.5803 | rec_rna 4.2571 | rec_atac 9.5544 | clip 5.4806 | clip_weight 0.5000 | lr 1.00e-03 | best 33.5803
2026-03-30 12:44:19,882 | INFO | SFTrainer | Epoch 530 | total 33.3845 | rec_rna 4.2371 | rec_atac 9.4601 | clip 5.4774 | clip_weight 0.5000 | lr 1.00e-03 | best 33.3443
2026-03-30 12:44:20,668 | INFO | SFTrainer | Epoch 540 | total 33.0655 | rec_rna 4.1949 | rec_atac 9.3682 | clip 5.4452 | clip_weight 0.5000 | lr 1.00e-03 | best 33.0655
2026-03-30 12:44:21,418 | INFO | SFTrainer | Epoch 550 | total 32.9582 | rec_rna 4.1948 | rec_atac 9.2678 | clip 5.4327 | clip_weight 0.5000 | lr 1.00e-03 | best 32.9240
2026-03-30 12:44:22,310 | INFO | SFTrainer | Epoch 560 | total 32.6925 | rec_rna 4.1659 | rec_atac 9.1701 | clip 5.3860 | clip_weight 0.5000 | lr 1.00e-03 | best 32.6141
2026-03-30 12:44:23,113 | INFO | SFTrainer | Epoch 570 | total 32.3854 | rec_rna 4.1188 | rec_atac 9.1068 | clip 5.3688 | clip_weight 0.5000 | lr 1.00e-03 | best 32.3854
2026-03-30 12:44:23,967 | INFO | SFTrainer | Epoch 580 | total 32.1992 | rec_rna 4.1032 | rec_atac 9.0128 | clip 5.3406 | clip_weight 0.5000 | lr 1.00e-03 | best 32.1713
2026-03-30 12:44:24,739 | INFO | SFTrainer | Epoch 590 | total 32.0327 | rec_rna 4.0849 | rec_atac 8.9501 | clip 5.3166 | clip_weight 0.5000 | lr 1.00e-03 | best 32.0327
2026-03-30 12:44:25,624 | INFO | SFTrainer | Epoch 600 | total 31.8660 | rec_rna 4.0672 | rec_atac 8.8865 | clip 5.2875 | clip_weight 0.5000 | lr 1.00e-03 | best 31.8232
2026-03-30 12:44:26,400 | INFO | SFTrainer | Epoch 610 | total 31.6734 | rec_rna 4.0440 | rec_atac 8.8163 | clip 5.2743 | clip_weight 0.5000 | lr 1.00e-03 | best 31.6732
2026-03-30 12:44:27,189 | INFO | SFTrainer | Epoch 620 | total 31.5157 | rec_rna 4.0277 | rec_atac 8.7483 | clip 5.2578 | clip_weight 0.5000 | lr 1.00e-03 | best 31.4079
2026-03-30 12:44:27,972 | INFO | SFTrainer | Epoch 630 | total 31.2385 | rec_rna 3.9922 | rec_atac 8.6677 | clip 5.2191 | clip_weight 0.5000 | lr 1.00e-03 | best 31.2385
2026-03-30 12:44:28,710 | INFO | SFTrainer | Epoch 640 | total 31.1377 | rec_rna 3.9848 | rec_atac 8.6259 | clip 5.1754 | clip_weight 0.5000 | lr 1.00e-03 | best 31.1377
2026-03-30 12:44:29,495 | INFO | SFTrainer | Epoch 650 | total 30.9846 | rec_rna 3.9667 | rec_atac 8.5652 | clip 5.1716 | clip_weight 0.5000 | lr 1.00e-03 | best 30.8997
2026-03-30 12:44:30,295 | INFO | SFTrainer | Epoch 660 | total 30.8782 | rec_rna 3.9563 | rec_atac 8.5212 | clip 5.1513 | clip_weight 0.5000 | lr 1.00e-03 | best 30.8291
2026-03-30 12:44:31,095 | INFO | SFTrainer | Epoch 670 | total 30.7321 | rec_rna 3.9416 | rec_atac 8.4623 | clip 5.1236 | clip_weight 0.5000 | lr 1.00e-03 | best 30.6732
2026-03-30 12:44:31,893 | INFO | SFTrainer | Epoch 680 | total 30.4771 | rec_rna 3.9102 | rec_atac 8.3925 | clip 5.0667 | clip_weight 0.5000 | lr 1.00e-03 | best 30.4771
2026-03-30 12:44:32,658 | INFO | SFTrainer | Epoch 690 | total 30.4378 | rec_rna 3.9065 | rec_atac 8.3716 | clip 5.0674 | clip_weight 0.5000 | lr 1.00e-03 | best 30.3331
2026-03-30 12:44:33,378 | INFO | SFTrainer | Epoch 700 | total 30.2120 | rec_rna 3.8742 | rec_atac 8.3187 | clip 5.0447 | clip_weight 0.5000 | lr 1.00e-03 | best 30.1773
2026-03-30 12:44:34,141 | INFO | SFTrainer | Epoch 710 | total 30.1725 | rec_rna 3.8797 | rec_atac 8.2651 | clip 5.0176 | clip_weight 0.5000 | lr 1.00e-03 | best 30.1019
2026-03-30 12:44:34,891 | INFO | SFTrainer | Epoch 720 | total 29.9847 | rec_rna 3.8573 | rec_atac 8.2134 | clip 4.9699 | clip_weight 0.5000 | lr 1.00e-03 | best 29.9032
2026-03-30 12:44:35,640 | INFO | SFTrainer | Epoch 730 | total 29.8256 | rec_rna 3.8374 | rec_atac 8.1663 | clip 4.9450 | clip_weight 0.5000 | lr 1.00e-03 | best 29.8256
2026-03-30 12:44:36,371 | INFO | SFTrainer | Epoch 740 | total 29.7478 | rec_rna 3.8280 | rec_atac 8.1485 | clip 4.9189 | clip_weight 0.5000 | lr 1.00e-03 | best 29.7132
2026-03-30 12:44:37,182 | INFO | SFTrainer | Epoch 750 | total 29.5520 | rec_rna 3.8055 | rec_atac 8.0771 | clip 4.8950 | clip_weight 0.5000 | lr 1.00e-03 | best 29.5520
2026-03-30 12:44:37,986 | INFO | SFTrainer | Epoch 760 | total 29.4317 | rec_rna 3.8005 | rec_atac 7.9958 | clip 4.8664 | clip_weight 0.5000 | lr 1.00e-03 | best 29.4317
2026-03-30 12:44:38,715 | INFO | SFTrainer | Epoch 770 | total 29.4357 | rec_rna 3.8001 | rec_atac 8.0133 | clip 4.8437 | clip_weight 0.5000 | lr 1.00e-03 | best 29.2831
2026-03-30 12:44:39,468 | INFO | SFTrainer | Epoch 780 | total 29.2034 | rec_rna 3.7735 | rec_atac 7.9459 | clip 4.7796 | clip_weight 0.5000 | lr 1.00e-03 | best 29.2034
2026-03-30 12:44:40,280 | INFO | SFTrainer | Epoch 790 | total 29.1092 | rec_rna 3.7545 | rec_atac 7.9450 | clip 4.7838 | clip_weight 0.5000 | lr 1.00e-03 | best 29.1092
2026-03-30 12:44:41,054 | INFO | SFTrainer | Epoch 800 | total 29.0524 | rec_rna 3.7534 | rec_atac 7.9065 | clip 4.7577 | clip_weight 0.5000 | lr 1.00e-03 | best 29.0445
2026-03-30 12:44:41,912 | INFO | SFTrainer | Epoch 810 | total 28.9020 | rec_rna 3.7341 | rec_atac 7.8764 | clip 4.7100 | clip_weight 0.5000 | lr 1.00e-03 | best 28.9020
2026-03-30 12:44:42,731 | INFO | SFTrainer | Epoch 820 | total 28.7627 | rec_rna 3.7207 | rec_atac 7.8152 | clip 4.6876 | clip_weight 0.5000 | lr 1.00e-03 | best 28.7627
2026-03-30 12:44:43,521 | INFO | SFTrainer | Epoch 830 | total 28.6858 | rec_rna 3.7133 | rec_atac 7.7828 | clip 4.6732 | clip_weight 0.5000 | lr 1.00e-03 | best 28.6858
2026-03-30 12:44:44,315 | INFO | SFTrainer | Epoch 840 | total 28.4726 | rec_rna 3.6874 | rec_atac 7.7234 | clip 4.6241 | clip_weight 0.5000 | lr 1.00e-03 | best 28.4726
2026-03-30 12:44:44,957 | INFO | SFTrainer | Epoch 850 | total 28.4754 | rec_rna 3.6892 | rec_atac 7.7314 | clip 4.5961 | clip_weight 0.5000 | lr 1.00e-03 | best 28.4726
2026-03-30 12:44:45,747 | INFO | SFTrainer | Epoch 860 | total 28.4689 | rec_rna 3.6958 | rec_atac 7.7064 | clip 4.5673 | clip_weight 0.5000 | lr 1.00e-03 | best 28.4485
2026-03-30 12:44:46,455 | INFO | SFTrainer | Epoch 870 | total 28.3991 | rec_rna 3.6888 | rec_atac 7.6824 | clip 4.5458 | clip_weight 0.5000 | lr 1.00e-03 | best 28.3891
2026-03-30 12:44:47,166 | INFO | SFTrainer | Epoch 880 | total 28.3365 | rec_rna 3.6860 | rec_atac 7.6472 | clip 4.5184 | clip_weight 0.5000 | lr 1.00e-03 | best 28.2292
2026-03-30 12:44:47,925 | INFO | SFTrainer | Epoch 890 | total 28.1985 | rec_rna 3.6617 | rec_atac 7.6390 | clip 4.5018 | clip_weight 0.5000 | lr 1.00e-03 | best 28.1383
2026-03-30 12:44:48,714 | INFO | SFTrainer | Epoch 900 | total 28.1035 | rec_rna 3.6556 | rec_atac 7.5967 | clip 4.4575 | clip_weight 0.5000 | lr 1.00e-03 | best 28.0732
2026-03-30 12:44:49,456 | INFO | SFTrainer | Epoch 910 | total 28.0424 | rec_rna 3.6430 | rec_atac 7.6052 | clip 4.4446 | clip_weight 0.5000 | lr 1.00e-03 | best 27.9414
2026-03-30 12:44:50,144 | INFO | SFTrainer | Epoch 920 | total 27.9737 | rec_rna 3.6415 | rec_atac 7.5599 | clip 4.4130 | clip_weight 0.5000 | lr 1.00e-03 | best 27.8471
2026-03-30 12:44:50,817 | INFO | SFTrainer | Epoch 930 | total 27.8684 | rec_rna 3.6303 | rec_atac 7.5402 | clip 4.3532 | clip_weight 0.5000 | lr 1.00e-03 | best 27.8263
2026-03-30 12:44:51,660 | INFO | SFTrainer | Epoch 940 | total 27.7115 | rec_rna 3.6096 | rec_atac 7.5050 | clip 4.3169 | clip_weight 0.5000 | lr 1.00e-03 | best 27.7115
2026-03-30 12:44:52,342 | INFO | SFTrainer | Epoch 950 | total 27.7149 | rec_rna 3.6169 | rec_atac 7.4840 | clip 4.2926 | clip_weight 0.5000 | lr 1.00e-03 | best 27.6408
2026-03-30 12:44:53,163 | INFO | SFTrainer | Epoch 960 | total 27.5714 | rec_rna 3.5895 | rec_atac 7.4769 | clip 4.2935 | clip_weight 0.5000 | lr 1.00e-03 | best 27.5714
2026-03-30 12:44:53,922 | INFO | SFTrainer | Epoch 970 | total 27.5127 | rec_rna 3.5903 | rec_atac 7.4420 | clip 4.2380 | clip_weight 0.5000 | lr 1.00e-03 | best 27.4984
2026-03-30 12:44:54,639 | INFO | SFTrainer | Epoch 980 | total 27.3955 | rec_rna 3.5801 | rec_atac 7.4027 | clip 4.1850 | clip_weight 0.5000 | lr 1.00e-03 | best 27.3920
2026-03-30 12:44:55,354 | INFO | SFTrainer | Epoch 990 | total 27.2884 | rec_rna 3.5685 | rec_atac 7.3726 | clip 4.1468 | clip_weight 0.5000 | lr 1.00e-03 | best 27.2884
2026-03-30 12:44:56,087 | INFO | SFTrainer | Epoch 1000 | total 27.2351 | rec_rna 3.5638 | rec_atac 7.3554 | clip 4.1218 | clip_weight 0.5000 | lr 1.00e-03 | best 27.2233
2026-03-30 12:44:56,787 | INFO | SFTrainer | Epoch 1010 | total 27.2436 | rec_rna 3.5649 | rec_atac 7.3619 | clip 4.1142 | clip_weight 0.5000 | lr 1.00e-03 | best 27.1953
2026-03-30 12:44:57,545 | INFO | SFTrainer | Epoch 1020 | total 27.2920 | rec_rna 3.5770 | rec_atac 7.3657 | clip 4.0827 | clip_weight 0.5000 | lr 1.00e-03 | best 27.1292
2026-03-30 12:44:58,268 | INFO | SFTrainer | Epoch 1030 | total 27.0718 | rec_rna 3.5502 | rec_atac 7.3058 | clip 4.0301 | clip_weight 0.5000 | lr 1.00e-03 | best 27.0102
2026-03-30 12:44:58,955 | INFO | SFTrainer | Epoch 1040 | total 26.9773 | rec_rna 3.5386 | rec_atac 7.2816 | clip 4.0052 | clip_weight 0.5000 | lr 1.00e-03 | best 26.9773
2026-03-30 12:44:59,687 | INFO | SFTrainer | Epoch 1050 | total 27.0245 | rec_rna 3.5446 | rec_atac 7.3115 | clip 3.9801 | clip_weight 0.5000 | lr 1.00e-03 | best 26.9143
2026-03-30 12:45:00,481 | INFO | SFTrainer | Epoch 1060 | total 26.7841 | rec_rna 3.5155 | rec_atac 7.2378 | clip 3.9372 | clip_weight 0.5000 | lr 1.00e-03 | best 26.7841
2026-03-30 12:45:01,211 | INFO | SFTrainer | Epoch 1070 | total 26.7563 | rec_rna 3.5146 | rec_atac 7.2257 | clip 3.9154 | clip_weight 0.5000 | lr 1.00e-03 | best 26.7563
2026-03-30 12:45:02,039 | INFO | SFTrainer | Epoch 1080 | total 26.6836 | rec_rna 3.5150 | rec_atac 7.1782 | clip 3.8612 | clip_weight 0.5000 | lr 1.00e-03 | best 26.6836
2026-03-30 12:45:02,859 | INFO | SFTrainer | Epoch 1090 | total 26.6664 | rec_rna 3.5097 | rec_atac 7.1837 | clip 3.8682 | clip_weight 0.5000 | lr 1.00e-03 | best 26.6664
2026-03-30 12:45:03,589 | INFO | SFTrainer | Epoch 1100 | total 26.6938 | rec_rna 3.5127 | rec_atac 7.2159 | clip 3.8285 | clip_weight 0.5000 | lr 1.00e-03 | best 26.6294
2026-03-30 12:45:04,369 | INFO | SFTrainer | Epoch 1110 | total 26.6079 | rec_rna 3.5064 | rec_atac 7.1916 | clip 3.7689 | clip_weight 0.5000 | lr 1.00e-03 | best 26.5580
2026-03-30 12:45:05,116 | INFO | SFTrainer | Epoch 1120 | total 26.5154 | rec_rna 3.4987 | rec_atac 7.1640 | clip 3.7157 | clip_weight 0.5000 | lr 1.00e-03 | best 26.5108
2026-03-30 12:45:05,829 | INFO | SFTrainer | Epoch 1130 | total 26.4650 | rec_rna 3.4935 | rec_atac 7.1408 | clip 3.7139 | clip_weight 0.5000 | lr 1.00e-03 | best 26.4585
2026-03-30 12:45:06,541 | INFO | SFTrainer | Epoch 1140 | total 26.3941 | rec_rna 3.4844 | rec_atac 7.1364 | clip 3.6718 | clip_weight 0.5000 | lr 1.00e-03 | best 26.3941
2026-03-30 12:45:07,260 | INFO | SFTrainer | Epoch 1150 | total 26.3771 | rec_rna 3.4859 | rec_atac 7.1237 | clip 3.6479 | clip_weight 0.5000 | lr 1.00e-03 | best 26.2905
2026-03-30 12:45:08,001 | INFO | SFTrainer | Epoch 1160 | total 26.2567 | rec_rna 3.4663 | rec_atac 7.1109 | clip 3.6285 | clip_weight 0.5000 | lr 1.00e-03 | best 26.2485
2026-03-30 12:45:08,690 | INFO | SFTrainer | Epoch 1170 | total 26.2044 | rec_rna 3.4604 | rec_atac 7.0950 | clip 3.6145 | clip_weight 0.5000 | lr 1.00e-03 | best 26.1836
2026-03-30 12:45:09,351 | INFO | SFTrainer | Epoch 1180 | total 26.2041 | rec_rna 3.4702 | rec_atac 7.0765 | clip 3.5533 | clip_weight 0.5000 | lr 1.00e-03 | best 26.1836
2026-03-30 12:45:10,082 | INFO | SFTrainer | Epoch 1190 | total 26.1618 | rec_rna 3.4698 | rec_atac 7.0453 | clip 3.5353 | clip_weight 0.5000 | lr 1.00e-03 | best 26.0880
2026-03-30 12:45:10,811 | INFO | SFTrainer | Epoch 1200 | total 26.1304 | rec_rna 3.4633 | rec_atac 7.0592 | clip 3.5096 | clip_weight 0.5000 | lr 1.00e-03 | best 26.0075
2026-03-30 12:45:11,540 | INFO | SFTrainer | Epoch 1210 | total 26.0489 | rec_rna 3.4572 | rec_atac 7.0198 | clip 3.4861 | clip_weight 0.5000 | lr 1.00e-03 | best 25.9841
2026-03-30 12:45:12,233 | INFO | SFTrainer | Epoch 1220 | total 25.9971 | rec_rna 3.4572 | rec_atac 7.0105 | clip 3.4011 | clip_weight 0.5000 | lr 1.00e-03 | best 25.9565
2026-03-30 12:45:12,997 | INFO | SFTrainer | Epoch 1230 | total 25.8048 | rec_rna 3.4213 | rec_atac 7.0048 | clip 3.3872 | clip_weight 0.5000 | lr 1.00e-03 | best 25.8048
2026-03-30 12:45:13,647 | INFO | SFTrainer | Epoch 1240 | total 26.0351 | rec_rna 3.4625 | rec_atac 7.0170 | clip 3.4111 | clip_weight 0.5000 | lr 1.00e-03 | best 25.8048
2026-03-30 12:45:14,368 | INFO | SFTrainer | Epoch 1250 | total 25.8579 | rec_rna 3.4362 | rec_atac 6.9990 | clip 3.3559 | clip_weight 0.5000 | lr 1.00e-03 | best 25.7835
2026-03-30 12:45:15,054 | INFO | SFTrainer | Epoch 1260 | total 25.8567 | rec_rna 3.4387 | rec_atac 7.0034 | clip 3.3191 | clip_weight 0.5000 | lr 1.00e-03 | best 25.7835
2026-03-30 12:45:15,728 | INFO | SFTrainer | Epoch 1270 | total 25.8460 | rec_rna 3.4375 | rec_atac 7.0004 | clip 3.3160 | clip_weight 0.5000 | lr 1.00e-03 | best 25.6960
2026-03-30 12:45:16,458 | INFO | SFTrainer | Epoch 1280 | total 25.7684 | rec_rna 3.4324 | rec_atac 6.9772 | clip 3.2580 | clip_weight 0.5000 | lr 1.00e-03 | best 25.6742
2026-03-30 12:45:17,209 | INFO | SFTrainer | Epoch 1290 | total 25.6623 | rec_rna 3.4175 | rec_atac 6.9616 | clip 3.2260 | clip_weight 0.5000 | lr 1.00e-03 | best 25.6480
2026-03-30 12:45:17,964 | INFO | SFTrainer | Epoch 1300 | total 25.6352 | rec_rna 3.4226 | rec_atac 6.9366 | clip 3.1709 | clip_weight 0.5000 | lr 1.00e-03 | best 25.5289
2026-03-30 12:45:18,719 | INFO | SFTrainer | Epoch 1310 | total 25.5560 | rec_rna 3.4161 | rec_atac 6.9180 | clip 3.1146 | clip_weight 0.5000 | lr 1.00e-03 | best 25.4919
2026-03-30 12:45:19,487 | INFO | SFTrainer | Epoch 1320 | total 25.5077 | rec_rna 3.4031 | rec_atac 6.9233 | clip 3.1382 | clip_weight 0.5000 | lr 1.00e-03 | best 25.4539
2026-03-30 12:45:20,269 | INFO | SFTrainer | Epoch 1330 | total 25.3606 | rec_rna 3.3843 | rec_atac 6.8858 | clip 3.1061 | clip_weight 0.5000 | lr 1.00e-03 | best 25.3606
2026-03-30 12:45:20,949 | INFO | SFTrainer | Epoch 1340 | total 25.4224 | rec_rna 3.3996 | rec_atac 6.8905 | clip 3.0680 | clip_weight 0.5000 | lr 1.00e-03 | best 25.3606
2026-03-30 12:45:21,697 | INFO | SFTrainer | Epoch 1350 | total 25.3596 | rec_rna 3.3877 | rec_atac 6.9101 | clip 3.0218 | clip_weight 0.5000 | lr 1.00e-03 | best 25.3434
2026-03-30 12:45:22,490 | INFO | SFTrainer | Epoch 1360 | total 25.3216 | rec_rna 3.3903 | rec_atac 6.8741 | clip 2.9924 | clip_weight 0.5000 | lr 1.00e-03 | best 25.3169
2026-03-30 12:45:23,214 | INFO | SFTrainer | Epoch 1370 | total 25.2231 | rec_rna 3.3821 | rec_atac 6.8237 | clip 2.9777 | clip_weight 0.5000 | lr 1.00e-03 | best 25.1834
2026-03-30 12:45:23,899 | INFO | SFTrainer | Epoch 1380 | total 25.2838 | rec_rna 3.3748 | rec_atac 6.9292 | clip 2.9609 | clip_weight 0.5000 | lr 1.00e-03 | best 25.1551
2026-03-30 12:45:24,596 | INFO | SFTrainer | Epoch 1390 | total 25.1841 | rec_rna 3.3755 | rec_atac 6.8400 | clip 2.9334 | clip_weight 0.5000 | lr 1.00e-03 | best 25.1185
2026-03-30 12:45:25,324 | INFO | SFTrainer | Epoch 1400 | total 25.1153 | rec_rna 3.3620 | rec_atac 6.8794 | clip 2.8520 | clip_weight 0.5000 | lr 1.00e-03 | best 25.0460
2026-03-30 12:45:26,013 | INFO | SFTrainer | Epoch 1410 | total 25.1156 | rec_rna 3.3709 | rec_atac 6.8310 | clip 2.8605 | clip_weight 0.5000 | lr 1.00e-03 | best 25.0460
2026-03-30 12:45:26,745 | INFO | SFTrainer | Epoch 1420 | total 25.0830 | rec_rna 3.3690 | rec_atac 6.8363 | clip 2.8029 | clip_weight 0.5000 | lr 1.00e-03 | best 25.0118
2026-03-30 12:45:27,424 | INFO | SFTrainer | Epoch 1430 | total 25.0018 | rec_rna 3.3594 | rec_atac 6.8165 | clip 2.7766 | clip_weight 0.5000 | lr 1.00e-03 | best 24.9829
2026-03-30 12:45:28,119 | INFO | SFTrainer | Epoch 1440 | total 25.0782 | rec_rna 3.3729 | rec_atac 6.8119 | clip 2.8031 | clip_weight 0.5000 | lr 1.00e-03 | best 24.9646
2026-03-30 12:45:28,887 | INFO | SFTrainer | Epoch 1450 | total 24.9752 | rec_rna 3.3575 | rec_atac 6.8178 | clip 2.7402 | clip_weight 0.5000 | lr 1.00e-03 | best 24.8681
2026-03-30 12:45:29,616 | INFO | SFTrainer | Epoch 1460 | total 24.8393 | rec_rna 3.3386 | rec_atac 6.8046 | clip 2.6837 | clip_weight 0.5000 | lr 1.00e-03 | best 24.8393
2026-03-30 12:45:30,349 | INFO | SFTrainer | Epoch 1470 | total 24.6746 | rec_rna 3.3265 | rec_atac 6.7345 | clip 2.6158 | clip_weight 0.5000 | lr 1.00e-03 | best 24.6746
2026-03-30 12:45:30,986 | INFO | SFTrainer | Epoch 1480 | total 24.7226 | rec_rna 3.3251 | rec_atac 6.7764 | clip 2.6415 | clip_weight 0.5000 | lr 1.00e-03 | best 24.6746
2026-03-30 12:45:31,647 | INFO | SFTrainer | Epoch 1490 | total 24.8364 | rec_rna 3.3498 | rec_atac 6.7708 | clip 2.6336 | clip_weight 0.5000 | lr 1.00e-03 | best 24.6746
2026-03-30 12:45:32,380 | INFO | SFTrainer | Epoch 1500 | total 24.7885 | rec_rna 3.3471 | rec_atac 6.7530 | clip 2.5999 | clip_weight 0.5000 | lr 1.00e-03 | best 24.6659
2026-03-30 12:45:33,095 | INFO | SFTrainer | Epoch 1510 | total 24.6611 | rec_rna 3.3321 | rec_atac 6.7448 | clip 2.5113 | clip_weight 0.5000 | lr 1.00e-03 | best 24.6513
2026-03-30 12:45:33,786 | INFO | SFTrainer | Epoch 1520 | total 24.7097 | rec_rna 3.3386 | rec_atac 6.7650 | clip 2.5033 | clip_weight 0.5000 | lr 1.00e-03 | best 24.5754
2026-03-30 12:45:34,445 | INFO | SFTrainer | Epoch 1530 | total 24.6423 | rec_rna 3.3317 | rec_atac 6.7269 | clip 2.5138 | clip_weight 0.5000 | lr 1.00e-03 | best 24.5754
2026-03-30 12:45:35,146 | INFO | SFTrainer | Epoch 1540 | total 24.6992 | rec_rna 3.3455 | rec_atac 6.7367 | clip 2.4702 | clip_weight 0.5000 | lr 1.00e-03 | best 24.5706
2026-03-30 12:45:35,898 | INFO | SFTrainer | Epoch 1550 | total 24.4862 | rec_rna 3.3191 | rec_atac 6.6879 | clip 2.4058 | clip_weight 0.5000 | lr 1.00e-03 | best 24.4862
2026-03-30 12:45:36,723 | INFO | SFTrainer | Epoch 1560 | total 24.5887 | rec_rna 3.3392 | rec_atac 6.6918 | clip 2.4021 | clip_weight 0.5000 | lr 1.00e-03 | best 24.4024
2026-03-30 12:45:37,452 | INFO | SFTrainer | Epoch 1570 | total 24.4673 | rec_rna 3.3187 | rec_atac 6.6838 | clip 2.3804 | clip_weight 0.5000 | lr 1.00e-03 | best 24.4024
2026-03-30 12:45:38,165 | INFO | SFTrainer | Epoch 1580 | total 24.4586 | rec_rna 3.3197 | rec_atac 6.7210 | clip 2.2785 | clip_weight 0.5000 | lr 1.00e-03 | best 24.3679
2026-03-30 12:45:38,864 | INFO | SFTrainer | Epoch 1590 | total 24.3805 | rec_rna 3.3050 | rec_atac 6.7027 | clip 2.3061 | clip_weight 0.5000 | lr 1.00e-03 | best 24.3539
2026-03-30 12:45:39,562 | INFO | SFTrainer | Epoch 1600 | total 24.4090 | rec_rna 3.3100 | rec_atac 6.7077 | clip 2.3023 | clip_weight 0.5000 | lr 1.00e-03 | best 24.3326
2026-03-30 12:45:40,359 | INFO | SFTrainer | Epoch 1610 | total 24.3520 | rec_rna 3.3162 | rec_atac 6.6662 | clip 2.2099 | clip_weight 0.5000 | lr 1.00e-03 | best 24.2947
2026-03-30 12:45:41,027 | INFO | SFTrainer | Epoch 1620 | total 24.2973 | rec_rna 3.3101 | rec_atac 6.6723 | clip 2.1490 | clip_weight 0.5000 | lr 1.00e-03 | best 24.2947
2026-03-30 12:45:41,781 | INFO | SFTrainer | Epoch 1630 | total 24.2522 | rec_rna 3.2993 | rec_atac 6.6846 | clip 2.1427 | clip_weight 0.5000 | lr 1.00e-03 | best 24.2427
2026-03-30 12:45:42,538 | INFO | SFTrainer | Epoch 1640 | total 24.2360 | rec_rna 3.2996 | rec_atac 6.6469 | clip 2.1821 | clip_weight 0.5000 | lr 1.00e-03 | best 24.1458
2026-03-30 12:45:43,240 | INFO | SFTrainer | Epoch 1650 | total 24.2484 | rec_rna 3.3084 | rec_atac 6.6711 | clip 2.0704 | clip_weight 0.5000 | lr 1.00e-03 | best 24.1305
2026-03-30 12:45:43,946 | INFO | SFTrainer | Epoch 1660 | total 24.1030 | rec_rna 3.2896 | rec_atac 6.6298 | clip 2.0499 | clip_weight 0.5000 | lr 1.00e-03 | best 24.0635
2026-03-30 12:45:44,641 | INFO | SFTrainer | Epoch 1670 | total 24.1698 | rec_rna 3.2930 | rec_atac 6.6631 | clip 2.0836 | clip_weight 0.5000 | lr 1.00e-03 | best 24.0025
2026-03-30 12:45:45,287 | INFO | SFTrainer | Epoch 1680 | total 24.0970 | rec_rna 3.2887 | rec_atac 6.6407 | clip 2.0251 | clip_weight 0.5000 | lr 1.00e-03 | best 24.0025
2026-03-30 12:45:45,937 | INFO | SFTrainer | Epoch 1690 | total 24.0431 | rec_rna 3.2857 | rec_atac 6.6320 | clip 1.9656 | clip_weight 0.5000 | lr 1.00e-03 | best 24.0025
2026-03-30 12:45:46,628 | INFO | SFTrainer | Epoch 1700 | total 23.9434 | rec_rna 3.2750 | rec_atac 6.5940 | clip 1.9489 | clip_weight 0.5000 | lr 1.00e-03 | best 23.9434
2026-03-30 12:45:47,356 | INFO | SFTrainer | Epoch 1710 | total 23.9278 | rec_rna 3.2760 | rec_atac 6.6000 | clip 1.8958 | clip_weight 0.5000 | lr 1.00e-03 | best 23.8995
2026-03-30 12:45:48,057 | INFO | SFTrainer | Epoch 1720 | total 23.9728 | rec_rna 3.2812 | rec_atac 6.6277 | clip 1.8780 | clip_weight 0.5000 | lr 1.00e-03 | best 23.8708
2026-03-30 12:45:48,746 | INFO | SFTrainer | Epoch 1730 | total 23.8773 | rec_rna 3.2686 | rec_atac 6.6025 | clip 1.8637 | clip_weight 0.5000 | lr 1.00e-03 | best 23.8241
2026-03-30 12:45:49,408 | INFO | SFTrainer | Epoch 1740 | total 23.9024 | rec_rna 3.2794 | rec_atac 6.5902 | clip 1.8301 | clip_weight 0.5000 | lr 1.00e-03 | best 23.8241
2026-03-30 12:45:50,143 | INFO | SFTrainer | Epoch 1750 | total 23.8623 | rec_rna 3.2692 | rec_atac 6.6059 | clip 1.8203 | clip_weight 0.5000 | lr 1.00e-03 | best 23.7597
2026-03-30 12:45:50,817 | INFO | SFTrainer | Epoch 1760 | total 23.8141 | rec_rna 3.2707 | rec_atac 6.5525 | clip 1.8160 | clip_weight 0.5000 | lr 1.00e-03 | best 23.7597
2026-03-30 12:45:51,521 | INFO | SFTrainer | Epoch 1770 | total 23.7666 | rec_rna 3.2646 | rec_atac 6.5627 | clip 1.7619 | clip_weight 0.5000 | lr 1.00e-03 | best 23.7526
2026-03-30 12:45:52,203 | INFO | SFTrainer | Epoch 1780 | total 23.8717 | rec_rna 3.2813 | rec_atac 6.5914 | clip 1.7477 | clip_weight 0.5000 | lr 1.00e-03 | best 23.7437
2026-03-30 12:45:52,909 | INFO | SFTrainer | Epoch 1790 | total 23.8113 | rec_rna 3.2748 | rec_atac 6.5725 | clip 1.7300 | clip_weight 0.5000 | lr 1.00e-03 | best 23.6982
2026-03-30 12:45:53,676 | INFO | SFTrainer | Epoch 1800 | total 23.7949 | rec_rna 3.2749 | rec_atac 6.5666 | clip 1.7077 | clip_weight 0.5000 | lr 1.00e-03 | best 23.6644
2026-03-30 12:45:54,426 | INFO | SFTrainer | Epoch 1810 | total 23.7602 | rec_rna 3.2673 | rec_atac 6.5921 | clip 1.6631 | clip_weight 0.5000 | lr 1.00e-03 | best 23.6120
2026-03-30 12:45:55,168 | INFO | SFTrainer | Epoch 1820 | total 23.6675 | rec_rna 3.2623 | rec_atac 6.5438 | clip 1.6242 | clip_weight 0.5000 | lr 1.00e-03 | best 23.5628
2026-03-30 12:45:55,823 | INFO | SFTrainer | Epoch 1830 | total 23.7575 | rec_rna 3.2717 | rec_atac 6.5591 | clip 1.6799 | clip_weight 0.5000 | lr 1.00e-03 | best 23.5628
2026-03-30 12:45:56,530 | INFO | SFTrainer | Epoch 1840 | total 23.5680 | rec_rna 3.2441 | rec_atac 6.5314 | clip 1.6318 | clip_weight 0.5000 | lr 1.00e-03 | best 23.5246
2026-03-30 12:45:57,195 | INFO | SFTrainer | Epoch 1850 | total 23.5692 | rec_rna 3.2517 | rec_atac 6.5447 | clip 1.5322 | clip_weight 0.5000 | lr 1.00e-03 | best 23.5246
2026-03-30 12:45:57,914 | INFO | SFTrainer | Epoch 1860 | total 23.6015 | rec_rna 3.2622 | rec_atac 6.5102 | clip 1.5604 | clip_weight 0.5000 | lr 1.00e-03 | best 23.5092
2026-03-30 12:45:58,679 | INFO | SFTrainer | Epoch 1870 | total 23.5023 | rec_rna 3.2460 | rec_atac 6.5257 | clip 1.4929 | clip_weight 0.5000 | lr 1.00e-03 | best 23.4620
2026-03-30 12:45:59,455 | INFO | SFTrainer | Epoch 1880 | total 23.5696 | rec_rna 3.2563 | rec_atac 6.5350 | clip 1.5061 | clip_weight 0.5000 | lr 1.00e-03 | best 23.4041
2026-03-30 12:46:00,145 | INFO | SFTrainer | Epoch 1890 | total 23.4891 | rec_rna 3.2436 | rec_atac 6.5408 | clip 1.4610 | clip_weight 0.5000 | lr 1.00e-03 | best 23.4041
2026-03-30 12:46:00,813 | INFO | SFTrainer | Epoch 1900 | total 23.4220 | rec_rna 3.2432 | rec_atac 6.4877 | clip 1.4369 | clip_weight 0.5000 | lr 1.00e-03 | best 23.4041
2026-03-30 12:46:01,577 | INFO | SFTrainer | Epoch 1910 | total 23.4033 | rec_rna 3.2356 | rec_atac 6.4979 | clip 1.4544 | clip_weight 0.5000 | lr 1.00e-03 | best 23.3655
2026-03-30 12:46:02,304 | INFO | SFTrainer | Epoch 1920 | total 23.3348 | rec_rna 3.2281 | rec_atac 6.4845 | clip 1.4194 | clip_weight 0.5000 | lr 1.00e-03 | best 23.3348
2026-03-30 12:46:03,060 | INFO | SFTrainer | Epoch 1930 | total 23.4005 | rec_rna 3.2354 | rec_atac 6.5133 | clip 1.4206 | clip_weight 0.5000 | lr 1.00e-03 | best 23.2745
2026-03-30 12:46:03,721 | INFO | SFTrainer | Epoch 1940 | total 23.4694 | rec_rna 3.2464 | rec_atac 6.5276 | clip 1.4190 | clip_weight 0.5000 | lr 1.00e-03 | best 23.2745
2026-03-30 12:46:04,431 | INFO | SFTrainer | Epoch 1950 | total 23.3977 | rec_rna 3.2305 | rec_atac 6.5439 | clip 1.4023 | clip_weight 0.5000 | lr 1.00e-03 | best 23.2274
2026-03-30 12:46:05,152 | INFO | SFTrainer | Epoch 1960 | total 23.3772 | rec_rna 3.2369 | rec_atac 6.5173 | clip 1.3506 | clip_weight 0.5000 | lr 1.00e-03 | best 23.2133
2026-03-30 12:46:05,847 | INFO | SFTrainer | Epoch 1970 | total 23.2589 | rec_rna 3.2269 | rec_atac 6.4720 | clip 1.3052 | clip_weight 0.5000 | lr 1.00e-03 | best 23.2132
2026-03-30 12:46:06,574 | INFO | SFTrainer | Epoch 1980 | total 23.3474 | rec_rna 3.2445 | rec_atac 6.4576 | clip 1.3345 | clip_weight 0.5000 | lr 1.00e-03 | best 23.1950
2026-03-30 12:46:07,256 | INFO | SFTrainer | Epoch 1990 | total 23.2794 | rec_rna 3.2299 | rec_atac 6.4619 | clip 1.3359 | clip_weight 0.5000 | lr 1.00e-03 | best 23.1845
2026-03-30 12:46:07,946 | INFO | SFTrainer | Epoch 2000 | total 23.1668 | rec_rna 3.2085 | rec_atac 6.4942 | clip 1.2602 | clip_weight 0.5000 | lr 1.00e-04 | best 23.1214
2026-03-30 12:46:08,729 | INFO | SFTrainer | Epoch 2010 | total 23.1795 | rec_rna 3.2149 | rec_atac 6.4663 | clip 1.2790 | clip_weight 0.4995 | lr 1.00e-04 | best 23.0433
2026-03-30 12:46:09,487 | INFO | SFTrainer | Epoch 2020 | total 22.9441 | rec_rna 3.1792 | rec_atac 6.4251 | clip 1.2512 | clip_weight 0.4980 | lr 1.00e-04 | best 22.9322
2026-03-30 12:46:10,186 | INFO | SFTrainer | Epoch 2030 | total 22.9152 | rec_rna 3.1795 | rec_atac 6.3990 | clip 1.2486 | clip_weight 0.4956 | lr 1.00e-04 | best 22.8398
2026-03-30 12:46:10,909 | INFO | SFTrainer | Epoch 2040 | total 22.8367 | rec_rna 3.1715 | rec_atac 6.3724 | clip 1.2331 | clip_weight 0.4921 | lr 1.00e-04 | best 22.7959
2026-03-30 12:46:11,710 | INFO | SFTrainer | Epoch 2050 | total 22.8379 | rec_rna 3.1698 | rec_atac 6.3831 | clip 1.2420 | clip_weight 0.4878 | lr 1.00e-04 | best 22.7272
2026-03-30 12:46:12,509 | INFO | SFTrainer | Epoch 2060 | total 22.7966 | rec_rna 3.1715 | rec_atac 6.3425 | clip 1.2368 | clip_weight 0.4824 | lr 1.00e-04 | best 22.7272
2026-03-30 12:46:13,198 | INFO | SFTrainer | Epoch 2070 | total 22.7617 | rec_rna 3.1578 | rec_atac 6.3956 | clip 1.2119 | clip_weight 0.4762 | lr 1.00e-04 | best 22.7272
2026-03-30 12:46:13,896 | INFO | SFTrainer | Epoch 2080 | total 22.7537 | rec_rna 3.1659 | rec_atac 6.3760 | clip 1.1681 | clip_weight 0.4691 | lr 1.00e-04 | best 22.6686
2026-03-30 12:46:14,571 | INFO | SFTrainer | Epoch 2090 | total 22.9175 | rec_rna 3.1910 | rec_atac 6.3949 | clip 1.2307 | clip_weight 0.4611 | lr 1.00e-04 | best 22.6686
2026-03-30 12:46:15,269 | INFO | SFTrainer | Epoch 2100 | total 22.6506 | rec_rna 3.1542 | rec_atac 6.3403 | clip 1.1930 | clip_weight 0.4523 | lr 1.00e-04 | best 22.6181
2026-03-30 12:46:15,981 | INFO | SFTrainer | Epoch 2110 | total 22.7122 | rec_rna 3.1635 | rec_atac 6.3681 | clip 1.1896 | clip_weight 0.4426 | lr 1.00e-04 | best 22.5794
2026-03-30 12:46:16,634 | INFO | SFTrainer | Epoch 2120 | total 22.6756 | rec_rna 3.1590 | rec_atac 6.3571 | clip 1.2110 | clip_weight 0.4322 | lr 1.00e-04 | best 22.5794
2026-03-30 12:46:17,304 | INFO | SFTrainer | Epoch 2130 | total 22.6649 | rec_rna 3.1555 | rec_atac 6.3847 | clip 1.1940 | clip_weight 0.4211 | lr 1.00e-04 | best 22.5794
2026-03-30 12:46:17,998 | INFO | SFTrainer | Epoch 2140 | total 22.7606 | rec_rna 3.1798 | rec_atac 6.3653 | clip 1.2128 | clip_weight 0.4094 | lr 1.00e-04 | best 22.5282
2026-03-30 12:46:18,672 | INFO | SFTrainer | Epoch 2150 | total 22.6362 | rec_rna 3.1571 | rec_atac 6.3744 | clip 1.1997 | clip_weight 0.3969 | lr 1.00e-04 | best 22.5282
2026-03-30 12:46:19,430 | INFO | SFTrainer | Epoch 2160 | total 22.5888 | rec_rna 3.1540 | rec_atac 6.3603 | clip 1.1936 | clip_weight 0.3840 | lr 1.00e-04 | best 22.5282
2026-03-30 12:46:20,118 | INFO | SFTrainer | Epoch 2170 | total 22.6011 | rec_rna 3.1632 | rec_atac 6.3429 | clip 1.1938 | clip_weight 0.3704 | lr 1.00e-04 | best 22.5190
2026-03-30 12:46:20,781 | INFO | SFTrainer | Epoch 2180 | total 22.5354 | rec_rna 3.1533 | rec_atac 6.3498 | clip 1.1752 | clip_weight 0.3564 | lr 1.00e-04 | best 22.5190
2026-03-30 12:46:21,555 | INFO | SFTrainer | Epoch 2190 | total 22.4978 | rec_rna 3.1570 | rec_atac 6.3150 | clip 1.1627 | clip_weight 0.3420 | lr 1.00e-04 | best 22.4569
2026-03-30 12:46:22,272 | INFO | SFTrainer | Epoch 2200 | total 22.5811 | rec_rna 3.1659 | rec_atac 6.3646 | clip 1.1827 | clip_weight 0.3273 | lr 1.00e-04 | best 22.4383
2026-03-30 12:46:22,992 | INFO | SFTrainer | Epoch 2210 | total 22.4090 | rec_rna 3.1474 | rec_atac 6.3099 | clip 1.1592 | clip_weight 0.3122 | lr 1.00e-04 | best 22.3460
2026-03-30 12:46:23,682 | INFO | SFTrainer | Epoch 2220 | total 22.4319 | rec_rna 3.1585 | rec_atac 6.2935 | clip 1.1654 | clip_weight 0.2968 | lr 1.00e-04 | best 22.3460
2026-03-30 12:46:24,339 | INFO | SFTrainer | Epoch 2230 | total 22.3480 | rec_rna 3.1410 | rec_atac 6.3164 | clip 1.1615 | clip_weight 0.2813 | lr 1.00e-04 | best 22.3460
2026-03-30 12:46:25,071 | INFO | SFTrainer | Epoch 2240 | total 22.3678 | rec_rna 3.1430 | rec_atac 6.3323 | clip 1.2072 | clip_weight 0.2657 | lr 1.00e-04 | best 22.3108
2026-03-30 12:46:25,773 | INFO | SFTrainer | Epoch 2250 | total 22.3810 | rec_rna 3.1494 | rec_atac 6.3350 | clip 1.1960 | clip_weight 0.2500 | lr 1.00e-04 | best 22.2718
2026-03-30 12:46:26,512 | INFO | SFTrainer | Epoch 2260 | total 22.2699 | rec_rna 3.1321 | rec_atac 6.3346 | clip 1.1715 | clip_weight 0.2343 | lr 1.00e-04 | best 22.1664
2026-03-30 12:46:27,191 | INFO | SFTrainer | Epoch 2270 | total 22.3186 | rec_rna 3.1436 | rec_atac 6.3379 | clip 1.2018 | clip_weight 0.2187 | lr 1.00e-04 | best 22.1664
2026-03-30 12:46:27,892 | INFO | SFTrainer | Epoch 2280 | total 22.2973 | rec_rna 3.1472 | rec_atac 6.3160 | clip 1.2069 | clip_weight 0.2032 | lr 1.00e-04 | best 22.1664
2026-03-30 12:46:28,582 | INFO | SFTrainer | Epoch 2290 | total 22.2284 | rec_rna 3.1357 | rec_atac 6.3260 | clip 1.1908 | clip_weight 0.1878 | lr 1.00e-04 | best 22.1664
2026-03-30 12:46:29,286 | INFO | SFTrainer | Epoch 2300 | total 22.2188 | rec_rna 3.1346 | rec_atac 6.3460 | clip 1.1580 | clip_weight 0.1727 | lr 1.00e-04 | best 22.1621
2026-03-30 12:46:29,967 | INFO | SFTrainer | Epoch 2310 | total 22.2579 | rec_rna 3.1458 | rec_atac 6.3292 | clip 1.2633 | clip_weight 0.1580 | lr 1.00e-04 | best 22.1621
2026-03-30 12:46:30,617 | INFO | SFTrainer | Epoch 2320 | total 22.2332 | rec_rna 3.1459 | rec_atac 6.3284 | clip 1.2220 | clip_weight 0.1436 | lr 1.00e-04 | best 22.1621
2026-03-30 12:46:31,366 | INFO | SFTrainer | Epoch 2330 | total 22.1659 | rec_rna 3.1375 | rec_atac 6.3222 | clip 1.2046 | clip_weight 0.1296 | lr 1.00e-04 | best 22.1479
2026-03-30 12:46:32,156 | INFO | SFTrainer | Epoch 2340 | total 22.0836 | rec_rna 3.1238 | rec_atac 6.3251 | clip 1.2035 | clip_weight 0.1160 | lr 1.00e-04 | best 22.0836
2026-03-30 12:46:32,845 | INFO | SFTrainer | Epoch 2350 | total 22.1400 | rec_rna 3.1398 | rec_atac 6.3154 | clip 1.2206 | clip_weight 0.1031 | lr 1.00e-04 | best 22.0713
2026-03-30 12:46:33,524 | INFO | SFTrainer | Epoch 2360 | total 22.2129 | rec_rna 3.1564 | rec_atac 6.3197 | clip 1.2248 | clip_weight 0.0906 | lr 1.00e-04 | best 22.0713
2026-03-30 12:46:34,179 | INFO | SFTrainer | Epoch 2370 | total 22.0869 | rec_rna 3.1372 | rec_atac 6.3032 | clip 1.2365 | clip_weight 0.0789 | lr 1.00e-04 | best 22.0713
2026-03-30 12:46:34,925 | INFO | SFTrainer | Epoch 2380 | total 22.1512 | rec_rna 3.1422 | rec_atac 6.3549 | clip 1.2589 | clip_weight 0.0678 | lr 1.00e-04 | best 22.0209
2026-03-30 12:46:35,595 | INFO | SFTrainer | Epoch 2390 | total 22.1349 | rec_rna 3.1489 | rec_atac 6.3201 | clip 1.2289 | clip_weight 0.0574 | lr 1.00e-04 | best 22.0209
2026-03-30 12:46:36,265 | INFO | SFTrainer | Epoch 2400 | total 22.0884 | rec_rna 3.1389 | rec_atac 6.3341 | clip 1.2480 | clip_weight 0.0477 | lr 1.00e-04 | best 22.0209
2026-03-30 12:46:37,015 | INFO | SFTrainer | Epoch 2410 | total 22.1264 | rec_rna 3.1511 | rec_atac 6.3220 | clip 1.2551 | clip_weight 0.0389 | lr 1.00e-04 | best 21.9932
2026-03-30 12:46:37,740 | INFO | SFTrainer | Epoch 2420 | total 21.9983 | rec_rna 3.1315 | rec_atac 6.3027 | clip 1.2295 | clip_weight 0.0309 | lr 1.00e-04 | best 21.9900
2026-03-30 12:46:38,437 | INFO | SFTrainer | Epoch 2430 | total 22.0630 | rec_rna 3.1452 | rec_atac 6.3072 | clip 1.2613 | clip_weight 0.0238 | lr 1.00e-04 | best 21.9858
2026-03-30 12:46:39,154 | INFO | SFTrainer | Epoch 2440 | total 22.0913 | rec_rna 3.1491 | rec_atac 6.3230 | clip 1.2983 | clip_weight 0.0176 | lr 1.00e-04 | best 21.9602
2026-03-30 12:46:39,841 | INFO | SFTrainer | Epoch 2450 | total 22.0202 | rec_rna 3.1339 | rec_atac 6.3351 | clip 1.2752 | clip_weight 0.0122 | lr 1.00e-04 | best 21.9572
2026-03-30 12:46:40,557 | INFO | SFTrainer | Epoch 2460 | total 22.0039 | rec_rna 3.1340 | rec_atac 6.3235 | clip 1.3225 | clip_weight 0.0079 | lr 1.00e-04 | best 21.9306
2026-03-30 12:46:41,258 | INFO | SFTrainer | Epoch 2470 | total 22.0727 | rec_rna 3.1464 | rec_atac 6.3351 | clip 1.3256 | clip_weight 0.0044 | lr 1.00e-04 | best 21.9222
2026-03-30 12:46:41,970 | INFO | SFTrainer | Epoch 2480 | total 21.8922 | rec_rna 3.1171 | rec_atac 6.3044 | clip 1.2705 | clip_weight 0.0020 | lr 1.00e-04 | best 21.8723
2026-03-30 12:46:42,612 | INFO | SFTrainer | Epoch 2490 | total 22.0103 | rec_rna 3.1378 | rec_atac 6.3208 | clip 1.2955 | clip_weight 0.0005 | lr 1.00e-04 | best 21.8723
2026-03-30 12:46:43,272 | INFO | SFTrainer | Epoch 2500 | total 21.9490 | rec_rna 3.1348 | rec_atac 6.2752 | clip 0.0000 | clip_weight 0.0000 | lr 1.00e-04 | best 21.8723
2026-03-30 12:46:43,932 | INFO | SFTrainer | Epoch 2510 | total 21.9553 | rec_rna 3.1342 | rec_atac 6.2842 | clip 0.0000 | clip_weight 0.0000 | lr 1.00e-04 | best 21.8723
2026-03-30 12:46:44,569 | INFO | SFTrainer | Epoch 2520 | total 21.9876 | rec_rna 3.1325 | rec_atac 6.3248 | clip 0.0000 | clip_weight 0.0000 | lr 1.00e-04 | best 21.8723
2026-03-30 12:46:45,264 | INFO | SFTrainer | Epoch 2530 | total 21.9492 | rec_rna 3.1285 | rec_atac 6.3067 | clip 0.0000 | clip_weight 0.0000 | lr 1.00e-04 | best 21.8723
2026-03-30 12:46:45,928 | INFO | SFTrainer | Epoch 2540 | total 21.9201 | rec_rna 3.1209 | rec_atac 6.3158 | clip 0.0000 | clip_weight 0.0000 | lr 1.00e-04 | best 21.8550
2026-03-30 12:46:46,550 | INFO | SFTrainer | Epoch 2550 | total 21.9770 | rec_rna 3.1358 | rec_atac 6.2980 | clip 0.0000 | clip_weight 0.0000 | lr 1.00e-04 | best 21.8550
2026-03-30 12:46:47,191 | INFO | SFTrainer | Epoch 2560 | total 21.9818 | rec_rna 3.1394 | rec_atac 6.2847 | clip 0.0000 | clip_weight 0.0000 | lr 1.00e-04 | best 21.8550
2026-03-30 12:46:47,810 | INFO | SFTrainer | Epoch 2570 | total 21.9115 | rec_rna 3.1214 | rec_atac 6.3047 | clip 0.0000 | clip_weight 0.0000 | lr 1.00e-04 | best 21.8550
2026-03-30 12:46:48,437 | INFO | SFTrainer | Epoch 2580 | total 21.8988 | rec_rna 3.1255 | rec_atac 6.2711 | clip 0.0000 | clip_weight 0.0000 | lr 1.00e-04 | best 21.8550
2026-03-30 12:46:49,069 | INFO | SFTrainer | Epoch 2590 | total 21.9313 | rec_rna 3.1270 | rec_atac 6.2962 | clip 0.0000 | clip_weight 0.0000 | lr 1.00e-04 | best 21.8550
2026-03-30 12:46:49,690 | INFO | SFTrainer | Epoch 2600 | total 21.8918 | rec_rna 3.1213 | rec_atac 6.2853 | clip 0.0000 | clip_weight 0.0000 | lr 1.00e-04 | best 21.8550
2026-03-30 12:46:50,401 | INFO | SFTrainer | Epoch 2610 | total 21.9624 | rec_rna 3.1397 | rec_atac 6.2641 | clip 0.0000 | clip_weight 0.0000 | lr 1.00e-04 | best 21.8356
2026-03-30 12:46:51,067 | INFO | SFTrainer | Epoch 2620 | total 21.9226 | rec_rna 3.1306 | rec_atac 6.2697 | clip 0.0000 | clip_weight 0.0000 | lr 1.00e-04 | best 21.8218
2026-03-30 12:46:51,702 | INFO | SFTrainer | Epoch 2630 | total 21.8616 | rec_rna 3.1145 | rec_atac 6.2893 | clip 0.0000 | clip_weight 0.0000 | lr 1.00e-04 | best 21.8218
2026-03-30 12:46:52,334 | INFO | SFTrainer | Epoch 2640 | total 21.9509 | rec_rna 3.1325 | rec_atac 6.2886 | clip 0.0000 | clip_weight 0.0000 | lr 1.00e-04 | best 21.8218
2026-03-30 12:46:52,976 | INFO | SFTrainer | Epoch 2650 | total 21.8940 | rec_rna 3.1240 | rec_atac 6.2739 | clip 0.0000 | clip_weight 0.0000 | lr 1.00e-04 | best 21.8218
2026-03-30 12:46:53,649 | INFO | SFTrainer | Epoch 2660 | total 21.8860 | rec_rna 3.1324 | rec_atac 6.2242 | clip 0.0000 | clip_weight 0.0000 | lr 1.00e-04 | best 21.8218
2026-03-30 12:46:54,306 | INFO | SFTrainer | Epoch 2670 | total 21.9384 | rec_rna 3.1265 | rec_atac 6.3060 | clip 0.0000 | clip_weight 0.0000 | lr 1.00e-04 | best 21.7985
2026-03-30 12:46:54,938 | INFO | SFTrainer | Epoch 2680 | total 21.8695 | rec_rna 3.1165 | rec_atac 6.2869 | clip 0.0000 | clip_weight 0.0000 | lr 1.00e-04 | best 21.7985
2026-03-30 12:46:55,555 | INFO | SFTrainer | Epoch 2690 | total 21.8787 | rec_rna 3.1246 | rec_atac 6.2559 | clip 0.0000 | clip_weight 0.0000 | lr 1.00e-04 | best 21.7985
2026-03-30 12:46:56,192 | INFO | SFTrainer | Epoch 2700 | total 21.9012 | rec_rna 3.1255 | rec_atac 6.2739 | clip 0.0000 | clip_weight 0.0000 | lr 1.00e-04 | best 21.7985
2026-03-30 12:46:56,936 | INFO | SFTrainer | Epoch 2710 | total 21.8657 | rec_rna 3.1182 | rec_atac 6.2748 | clip 0.0000 | clip_weight 0.0000 | lr 1.00e-04 | best 21.7963
2026-03-30 12:46:57,569 | INFO | SFTrainer | Epoch 2720 | total 21.8720 | rec_rna 3.1205 | rec_atac 6.2695 | clip 0.0000 | clip_weight 0.0000 | lr 1.00e-04 | best 21.7963
2026-03-30 12:46:58,253 | INFO | SFTrainer | Epoch 2730 | total 21.8893 | rec_rna 3.1198 | rec_atac 6.2904 | clip 0.0000 | clip_weight 0.0000 | lr 1.00e-04 | best 21.7963
2026-03-30 12:46:58,868 | INFO | SFTrainer | Epoch 2740 | total 21.9417 | rec_rna 3.1263 | rec_atac 6.3102 | clip 0.0000 | clip_weight 0.0000 | lr 1.00e-04 | best 21.7963
2026-03-30 12:46:59,482 | INFO | SFTrainer | Epoch 2750 | total 21.8873 | rec_rna 3.1205 | rec_atac 6.2849 | clip 0.0000 | clip_weight 0.0000 | lr 1.00e-04 | best 21.7963
2026-03-30 12:47:00,155 | INFO | SFTrainer | Epoch 2760 | total 21.8666 | rec_rna 3.1172 | rec_atac 6.2806 | clip 0.0000 | clip_weight 0.0000 | lr 1.00e-04 | best 21.7963
2026-03-30 12:47:00,843 | INFO | SFTrainer | Epoch 2770 | total 21.8276 | rec_rna 3.1118 | rec_atac 6.2686 | clip 0.0000 | clip_weight 0.0000 | lr 1.00e-04 | best 21.7604
2026-03-30 12:47:01,527 | INFO | SFTrainer | Epoch 2780 | total 21.8710 | rec_rna 3.1207 | rec_atac 6.2674 | clip 0.0000 | clip_weight 0.0000 | lr 1.00e-04 | best 21.7604
2026-03-30 12:47:02,221 | INFO | SFTrainer | Epoch 2790 | total 21.8735 | rec_rna 3.1213 | rec_atac 6.2669 | clip 0.0000 | clip_weight 0.0000 | lr 1.00e-04 | best 21.7604
2026-03-30 12:47:02,842 | INFO | SFTrainer | Epoch 2800 | total 21.8378 | rec_rna 3.1164 | rec_atac 6.2559 | clip 0.0000 | clip_weight 0.0000 | lr 1.00e-04 | best 21.7604
2026-03-30 12:47:03,556 | INFO | SFTrainer | Epoch 2810 | total 21.9055 | rec_rna 3.1173 | rec_atac 6.3191 | clip 0.0000 | clip_weight 0.0000 | lr 1.00e-04 | best 21.7508
2026-03-30 12:47:04,217 | INFO | SFTrainer | Epoch 2820 | total 21.8213 | rec_rna 3.1108 | rec_atac 6.2671 | clip 0.0000 | clip_weight 0.0000 | lr 1.00e-04 | best 21.7508
2026-03-30 12:47:04,868 | INFO | SFTrainer | Epoch 2830 | total 21.8500 | rec_rna 3.1138 | rec_atac 6.2811 | clip 0.0000 | clip_weight 0.0000 | lr 1.00e-04 | best 21.7313
2026-03-30 12:47:05,497 | INFO | SFTrainer | Epoch 2840 | total 21.8719 | rec_rna 3.1168 | rec_atac 6.2879 | clip 0.0000 | clip_weight 0.0000 | lr 1.00e-04 | best 21.7313
2026-03-30 12:47:06,139 | INFO | SFTrainer | Epoch 2850 | total 21.7032 | rec_rna 3.0946 | rec_atac 6.2303 | clip 0.0000 | clip_weight 0.0000 | lr 1.00e-04 | best 21.7032
2026-03-30 12:47:06,796 | INFO | SFTrainer | Epoch 2860 | total 21.8909 | rec_rna 3.1222 | rec_atac 6.2801 | clip 0.0000 | clip_weight 0.0000 | lr 1.00e-04 | best 21.7032
2026-03-30 12:47:07,405 | INFO | SFTrainer | Epoch 2870 | total 21.8284 | rec_rna 3.1095 | rec_atac 6.2810 | clip 0.0000 | clip_weight 0.0000 | lr 1.00e-04 | best 21.7032
2026-03-30 12:47:08,037 | INFO | SFTrainer | Epoch 2880 | total 21.8797 | rec_rna 3.1182 | rec_atac 6.2886 | clip 0.0000 | clip_weight 0.0000 | lr 1.00e-04 | best 21.7032
2026-03-30 12:47:08,633 | INFO | SFTrainer | Epoch 2890 | total 21.9059 | rec_rna 3.1196 | rec_atac 6.3080 | clip 0.0000 | clip_weight 0.0000 | lr 1.00e-04 | best 21.7032
2026-03-30 12:47:09,252 | INFO | SFTrainer | Epoch 2900 | total 21.8355 | rec_rna 3.1136 | rec_atac 6.2677 | clip 0.0000 | clip_weight 0.0000 | lr 1.00e-04 | best 21.7032
2026-03-30 12:47:09,894 | INFO | SFTrainer | Epoch 2910 | total 21.9115 | rec_rna 3.1269 | rec_atac 6.2772 | clip 0.0000 | clip_weight 0.0000 | lr 1.00e-04 | best 21.7032
2026-03-30 12:47:10,515 | INFO | SFTrainer | Epoch 2920 | total 21.8535 | rec_rna 3.1145 | rec_atac 6.2808 | clip 0.0000 | clip_weight 0.0000 | lr 1.00e-04 | best 21.7032
2026-03-30 12:47:11,114 | INFO | SFTrainer | Epoch 2930 | total 21.8520 | rec_rna 3.1169 | rec_atac 6.2676 | clip 0.0000 | clip_weight 0.0000 | lr 1.00e-04 | best 21.7032
2026-03-30 12:47:11,733 | INFO | SFTrainer | Epoch 2940 | total 21.7698 | rec_rna 3.1021 | rec_atac 6.2592 | clip 0.0000 | clip_weight 0.0000 | lr 1.00e-04 | best 21.7032
2026-03-30 12:47:12,352 | INFO | SFTrainer | Epoch 2950 | total 21.8026 | rec_rna 3.1090 | rec_atac 6.2577 | clip 0.0000 | clip_weight 0.0000 | lr 1.00e-04 | best 21.7032
2026-03-30 12:47:13,000 | INFO | SFTrainer | Epoch 2960 | total 21.7559 | rec_rna 3.1024 | rec_atac 6.2440 | clip 0.0000 | clip_weight 0.0000 | lr 1.00e-04 | best 21.7032
2026-03-30 12:47:13,613 | INFO | SFTrainer | Epoch 2970 | total 21.8725 | rec_rna 3.1177 | rec_atac 6.2838 | clip 0.0000 | clip_weight 0.0000 | lr 1.00e-04 | best 21.7032
2026-03-30 12:47:14,217 | INFO | SFTrainer | Epoch 2980 | total 21.8162 | rec_rna 3.1116 | rec_atac 6.2583 | clip 0.0000 | clip_weight 0.0000 | lr 1.00e-04 | best 21.7032
2026-03-30 12:47:14,832 | INFO | SFTrainer | Epoch 2990 | total 21.9516 | rec_rna 3.1346 | rec_atac 6.2785 | clip 0.0000 | clip_weight 0.0000 | lr 1.00e-04 | best 21.7032
2026-03-30 12:47:15,444 | INFO | SFTrainer | Epoch 3000 | total 21.7283 | rec_rna 3.0971 | rec_atac 6.2430 | clip 0.0000 | clip_weight 0.0000 | lr 1.00e-04 | best 21.7032
2026-03-30 12:47:15,477 | INFO | SFTrainer | Training finished. Best loss=21.7032
2026-03-30 12:47:15,478 | INFO | SFTrainer | Training run complete.
2026-03-30 12:47:16,848 | INFO | SFPipeline | Step done: Train
2026-03-30 12:47:16,849 | INFO | SFPipeline | Step start: Evaluate
2026-03-30 12:47:28,309 | INFO | SFEvaluate | [Phase 3] Evaluation started.
2026-03-30 12:47:28,309 | INFO | SFEvaluate | Loading processed data...
2026-03-30 12:47:28,582 | INFO | SFEvaluate | Initializing model...
2026-03-30 12:47:28,706 | INFO | SFEvaluate | Loading checkpoint: ckpt_best.pth
2026-03-30 12:47:28,752 | INFO | SFEvaluate | Inference running...
2026-03-30 12:47:29,306 | INFO | SFEvaluate | Latent shape: torch.Size([2129, 128])
2026-03-30 12:47:56,953 | INFO | SFEvaluate | Artifacts: ./results/misar/misar_e18-5-s1/figures/spatial_analysis.pdf | ./results/misar/misar_e18-5-s1/predictions/embedding_joint.h5ad
2026-03-30 12:47:56,954 | INFO | SFEvaluate | GT metrics | ARI=0.4495 | NMI=0.6100 | AMI=0.6030 | HOM=0.6616 | n_valid=2129
2026-03-30 12:47:56,954 | INFO | SFEvaluate | Evaluation complete.
2026-03-30 12:47:59,073 | INFO | SFPipeline | Step done: Evaluate
2026-03-30 12:47:59,073 | INFO | SFPipeline | Pipeline finished successfully.

========================================================================================
2026-03-30 12:48:48,113 | INFO | SFEvaluateRange | [Range Evaluate] Started. epochs=[1500, 1600, 1700, 1800, 1900, 2000, 2100, 2200, 2300, 2400, 2500, 2600, 2700, 2800, 2900, 3000]
2026-03-30 12:48:48,114 | INFO | SFEvaluateRange | Loading processed data...
2026-03-30 12:48:48,386 | INFO | SFEvaluateRange | Initializing model...
2026-03-30 12:48:48,594 | INFO | SFEvaluateRange | Evaluating epoch 1500 with ckpt_1500.pth
2026-03-30 12:49:17,002 | INFO | SFEvaluateRange | GT metrics (epoch_1500) | ARI=0.4485 | NMI=0.6080 | AMI=0.6009 | HOM=0.6569 | n_valid=2129
2026-03-30 12:49:17,002 | INFO | SFEvaluateRange | Artifacts (epoch_1500): ./results/misar/misar_e18-5-s1/figures/spatial_analysis_epoch_1500.pdf | ./results/misar/misar_e18-5-s1/predictions/embedding_joint_epoch_1500.h5ad
2026-03-30 12:49:17,003 | INFO | SFEvaluateRange | Evaluating epoch 1600 with ckpt_1600.pth
2026-03-30 12:49:37,883 | INFO | SFEvaluateRange | GT metrics (epoch_1600) | ARI=0.4547 | NMI=0.6063 | AMI=0.5993 | HOM=0.6559 | n_valid=2129
2026-03-30 12:49:37,883 | INFO | SFEvaluateRange | Artifacts (epoch_1600): ./results/misar/misar_e18-5-s1/figures/spatial_analysis_epoch_1600.pdf | ./results/misar/misar_e18-5-s1/predictions/embedding_joint_epoch_1600.h5ad
2026-03-30 12:49:37,883 | INFO | SFEvaluateRange | Evaluating epoch 1700 with ckpt_1700.pth
2026-03-30 12:49:54,608 | INFO | SFEvaluateRange | GT metrics (epoch_1700) | ARI=0.4722 | NMI=0.6157 | AMI=0.6088 | HOM=0.6682 | n_valid=2129
2026-03-30 12:49:54,609 | INFO | SFEvaluateRange | Artifacts (epoch_1700): ./results/misar/misar_e18-5-s1/figures/spatial_analysis_epoch_1700.pdf | ./results/misar/misar_e18-5-s1/predictions/embedding_joint_epoch_1700.h5ad
2026-03-30 12:49:54,609 | INFO | SFEvaluateRange | Evaluating epoch 1800 with ckpt_1800.pth
2026-03-30 12:50:10,714 | INFO | SFEvaluateRange | GT metrics (epoch_1800) | ARI=0.4547 | NMI=0.6107 | AMI=0.6037 | HOM=0.6617 | n_valid=2129
2026-03-30 12:50:10,715 | INFO | SFEvaluateRange | Artifacts (epoch_1800): ./results/misar/misar_e18-5-s1/figures/spatial_analysis_epoch_1800.pdf | ./results/misar/misar_e18-5-s1/predictions/embedding_joint_epoch_1800.h5ad
2026-03-30 12:50:10,715 | INFO | SFEvaluateRange | Evaluating epoch 1900 with ckpt_1900.pth
2026-03-30 12:50:24,668 | INFO | SFEvaluateRange | GT metrics (epoch_1900) | ARI=0.4642 | NMI=0.6104 | AMI=0.6034 | HOM=0.6610 | n_valid=2129
2026-03-30 12:50:24,668 | INFO | SFEvaluateRange | Artifacts (epoch_1900): ./results/misar/misar_e18-5-s1/figures/spatial_analysis_epoch_1900.pdf | ./results/misar/misar_e18-5-s1/predictions/embedding_joint_epoch_1900.h5ad
2026-03-30 12:50:24,669 | INFO | SFEvaluateRange | Evaluating epoch 2000 with ckpt_2000.pth
2026-03-30 12:50:41,642 | INFO | SFEvaluateRange | GT metrics (epoch_2000) | ARI=0.3933 | NMI=0.6034 | AMI=0.5964 | HOM=0.6599 | n_valid=2129
2026-03-30 12:50:41,642 | INFO | SFEvaluateRange | Artifacts (epoch_2000): ./results/misar/misar_e18-5-s1/figures/spatial_analysis_epoch_2000.pdf | ./results/misar/misar_e18-5-s1/predictions/embedding_joint_epoch_2000.h5ad
2026-03-30 12:50:41,642 | INFO | SFEvaluateRange | Evaluating epoch 2100 with ckpt_2100.pth
2026-03-30 12:50:56,503 | INFO | SFEvaluateRange | GT metrics (epoch_2100) | ARI=0.4455 | NMI=0.6126 | AMI=0.6056 | HOM=0.6663 | n_valid=2129
2026-03-30 12:50:56,504 | INFO | SFEvaluateRange | Artifacts (epoch_2100): ./results/misar/misar_e18-5-s1/figures/spatial_analysis_epoch_2100.pdf | ./results/misar/misar_e18-5-s1/predictions/embedding_joint_epoch_2100.h5ad
2026-03-30 12:50:56,504 | INFO | SFEvaluateRange | Evaluating epoch 2200 with ckpt_2200.pth
2026-03-30 12:51:16,119 | INFO | SFEvaluateRange | GT metrics (epoch_2200) | ARI=0.4447 | NMI=0.6028 | AMI=0.5957 | HOM=0.6539 | n_valid=2129
2026-03-30 12:51:16,120 | INFO | SFEvaluateRange | Artifacts (epoch_2200): ./results/misar/misar_e18-5-s1/figures/spatial_analysis_epoch_2200.pdf | ./results/misar/misar_e18-5-s1/predictions/embedding_joint_epoch_2200.h5ad
2026-03-30 12:51:16,120 | INFO | SFEvaluateRange | Evaluating epoch 2300 with ckpt_2300.pth
2026-03-30 12:51:31,953 | INFO | SFEvaluateRange | GT metrics (epoch_2300) | ARI=0.4441 | NMI=0.6104 | AMI=0.6034 | HOM=0.6629 | n_valid=2129
2026-03-30 12:51:31,954 | INFO | SFEvaluateRange | Artifacts (epoch_2300): ./results/misar/misar_e18-5-s1/figures/spatial_analysis_epoch_2300.pdf | ./results/misar/misar_e18-5-s1/predictions/embedding_joint_epoch_2300.h5ad
2026-03-30 12:51:31,954 | INFO | SFEvaluateRange | Evaluating epoch 2400 with ckpt_2400.pth
2026-03-30 12:51:48,408 | INFO | SFEvaluateRange | GT metrics (epoch_2400) | ARI=0.4484 | NMI=0.6069 | AMI=0.5999 | HOM=0.6589 | n_valid=2129
2026-03-30 12:51:48,408 | INFO | SFEvaluateRange | Artifacts (epoch_2400): ./results/misar/misar_e18-5-s1/figures/spatial_analysis_epoch_2400.pdf | ./results/misar/misar_e18-5-s1/predictions/embedding_joint_epoch_2400.h5ad
2026-03-30 12:51:48,408 | INFO | SFEvaluateRange | Evaluating epoch 2500 with ckpt_2500.pth
2026-03-30 12:52:03,256 | INFO | SFEvaluateRange | GT metrics (epoch_2500) | ARI=0.4401 | NMI=0.6017 | AMI=0.5944 | HOM=0.6455 | n_valid=2129
2026-03-30 12:52:03,257 | INFO | SFEvaluateRange | Artifacts (epoch_2500): ./results/misar/misar_e18-5-s1/figures/spatial_analysis_epoch_2500.pdf | ./results/misar/misar_e18-5-s1/predictions/embedding_joint_epoch_2500.h5ad
2026-03-30 12:52:03,257 | INFO | SFEvaluateRange | Evaluating epoch 2600 with ckpt_2600.pth
2026-03-30 12:52:20,037 | INFO | SFEvaluateRange | GT metrics (epoch_2600) | ARI=0.4495 | NMI=0.6104 | AMI=0.6034 | HOM=0.6625 | n_valid=2129
2026-03-30 12:52:20,038 | INFO | SFEvaluateRange | Artifacts (epoch_2600): ./results/misar/misar_e18-5-s1/figures/spatial_analysis_epoch_2600.pdf | ./results/misar/misar_e18-5-s1/predictions/embedding_joint_epoch_2600.h5ad
2026-03-30 12:52:20,038 | INFO | SFEvaluateRange | Evaluating epoch 2700 with ckpt_2700.pth
2026-03-30 12:52:38,404 | INFO | SFEvaluateRange | GT metrics (epoch_2700) | ARI=0.4350 | NMI=0.5995 | AMI=0.5922 | HOM=0.6439 | n_valid=2129
2026-03-30 12:52:38,405 | INFO | SFEvaluateRange | Artifacts (epoch_2700): ./results/misar/misar_e18-5-s1/figures/spatial_analysis_epoch_2700.pdf | ./results/misar/misar_e18-5-s1/predictions/embedding_joint_epoch_2700.h5ad
2026-03-30 12:52:38,405 | INFO | SFEvaluateRange | Evaluating epoch 2800 with ckpt_2800.pth
2026-03-30 12:52:52,694 | INFO | SFEvaluateRange | GT metrics (epoch_2800) | ARI=0.4678 | NMI=0.6130 | AMI=0.6061 | HOM=0.6635 | n_valid=2129
2026-03-30 12:52:52,695 | INFO | SFEvaluateRange | Artifacts (epoch_2800): ./results/misar/misar_e18-5-s1/figures/spatial_analysis_epoch_2800.pdf | ./results/misar/misar_e18-5-s1/predictions/embedding_joint_epoch_2800.h5ad
2026-03-30 12:52:52,695 | INFO | SFEvaluateRange | Evaluating epoch 2900 with ckpt_2900.pth
2026-03-30 12:53:08,666 | INFO | SFEvaluateRange | GT metrics (epoch_2900) | ARI=0.4686 | NMI=0.6152 | AMI=0.6083 | HOM=0.6663 | n_valid=2129
2026-03-30 12:53:08,666 | INFO | SFEvaluateRange | Artifacts (epoch_2900): ./results/misar/misar_e18-5-s1/figures/spatial_analysis_epoch_2900.pdf | ./results/misar/misar_e18-5-s1/predictions/embedding_joint_epoch_2900.h5ad
2026-03-30 12:53:08,666 | INFO | SFEvaluateRange | Evaluating epoch 3000 with ckpt_best.pth
2026-03-30 12:53:25,902 | INFO | SFEvaluateRange | GT metrics (epoch_3000_best) | ARI=0.4495 | NMI=0.6100 | AMI=0.6030 | HOM=0.6616 | n_valid=2129
2026-03-30 12:53:25,903 | INFO | SFEvaluateRange | Artifacts (epoch_3000_best): ./results/misar/misar_e18-5-s1/figures/spatial_analysis_epoch_3000_best.pdf | ./results/misar/misar_e18-5-s1/predictions/embedding_joint_epoch_3000_best.h5ad
2026-03-30 12:53:25,903 | INFO | SFEvaluateRange | Range evaluation complete. Success=16 | Failed/Skipped=0

========================================================================================
2026-03-30 12:59:23,452 | INFO | SFPipeline | Pipeline start: dataset=misar_e18-5-s1
2026-03-30 12:59:23,459 | INFO | SFPipeline | Config:
project:
  name: SF_MISAR_E18_5_S1_Analysis
  version: 1.0.0
  seed: 42
  save_dir: ./results/misar/misar_e18-5-s1/checkpoints/
  eval_dir: ./results/misar/misar_e18-5-s1/predictions/
eval:
  checkpoint: best
  n_clusters: 14
  mclust_pca_dim: 20
  resolution: 0.9
  moran_k: 6
  plotting:
    figure_dpi: 180
    figure_size:
    - 14
    - 6
    panel_size:
    - 6
    - 6
    umap_point_size: 60
    spatial_point_size: 80
    alpha: 1.0
    legend_loc: on data
    palette_mode: high_contrast
  checkpoints:
    best: ckpt_best.pth
    final: ckpt_300.pth
data:
  raw_path: data/raw/misar/misar_e18-5-s1
  processed_path: data/processed/misar/misar_e18-5-s1
  files:
    rna_h5ad: adata_RNA.h5ad
    atac_h5ad: adata_Peak.h5ad
    gtf: ../gencode.vM23.annotation.gtf.gz
  parameters:
    reduce:
      mode: gpu_full
      device: auto
      q_offset: 8
      niter: 3
    n_top_genes: 3000
    rna_pca_dim: 512
    rna_min_cells: 3
    rna_target_sum: 1e4
    n_global_peaks: 50000
    n_final_peaks: 30000
    atac_pca_dim: 512
    atac_min_cells: 50
    atac_target_sum: 1e4
    tfidf_eps: 1e-6
    tss_window: 150000
    knn_k: 6
    ground_truth_key: Combined_Clusters
model:
  name: SFNet
  rna_in_dim: 3000
  hidden_dim: 512
  rna_n_heads: 4
  rna_dropout: 0.1
  atac_dropout: 0.1
  n_heads: 4
  dropout: 0.1
  grid_size: 128
  latent_dim: 50
  sfib_dim: 128
  sfib_ino_layers: 2
  proj_hidden_dim: 64
  proj_output_dim: 64
  rna_dec_hidden: 512
  rna_dec_blocks: 1
  atac_dec_hidden: 512
  atac_dec_blocks: 1
  sfib_debug_mode: false
  model.sfib_debug_epochs:
  - 1
  - 10
  - 20
  model.sfib_debug_every_n_epochs: 20
train:
  epochs: 3000
  batch_size: 1
  learning_rate: 1e-3
  learning_rate_low: 1e-4
  lr_switch_epoch: 2000
  weight_decay: 1e-4
  lambda_rna: 5.0
  lambda_atac: 1.0
  lambda_clip: 0.5
  fade_start_epoch: 2000
  fade_end_epoch: 2500
  pos_weight_rna: 10.0
  pos_weight_atac: 20.0
  clip_temperature: 0.5
  save_every: 50
  device: cuda
  log_interval: 10
  log_tail_blank_lines: 5
  best_name: ckpt_best.pth

2026-03-30 12:59:23,459 | INFO | SFPipeline | Pipeline steps: ['Preprocess', 'Train', 'Evaluate']
2026-03-30 12:59:23,460 | INFO | SFPipeline | Step start: Preprocess
2026-03-30 12:59:28,297 | INFO | SFPreprocess | [Phase 1] Starting Data Preprocessing...
2026-03-30 12:59:28,297 | INFO | SFPreprocess | Loading raw data...
2026-03-30 12:59:28,297 | INFO | SFPreprocess | Data loader: paired h5ad
2026-03-30 13:00:05,430 | INFO | SFPreprocess | Aligned final cells: RNA=2129, ATAC=2129
2026-03-30 13:00:06,558 | INFO | SFPreprocess | Reduced shapes: RNA=(2129, 512), ATAC=(2129, 512)
2026-03-30 13:00:31,106 | INFO | SFPreprocess | Saving processed tensors...
2026-03-30 13:00:31,190 | INFO | SFPreprocess | Preprocessing complete: data/processed/misar/misar_e18-5-s1/processed_data.pt
2026-03-30 13:00:32,409 | INFO | SFPipeline | Step done: Preprocess
2026-03-30 13:00:32,409 | INFO | SFPipeline | Step start: Train
2026-03-30 13:00:38,307 | INFO | SFTrainer | [Phase 2] Starting Model Training...
2026-03-30 13:00:38,308 | INFO | SFTrainer | Loading processed data...
2026-03-30 13:00:38,339 | INFO | SFTrainer | Data ready: RNA=torch.Size([2129, 512]), ATAC=torch.Size([2129, 512]), edges=12774
2026-03-30 13:00:38,339 | INFO | SFTrainer | Initializing model...
2026-03-30 13:00:38,733 | INFO | SFTrainer | Training started.
2026-03-30 13:00:38,734 | INFO | SFTrainer | Training started: epochs=3000
2026-03-30 13:00:40,596 | INFO | SFTrainer | Epoch 010 | total 67.2816 | rec_rna 8.9382 | rec_atac 18.7736 | clip 7.6338 | clip_weight 0.5000 | lr 1.00e-03 | best 67.2816
2026-03-30 13:00:41,561 | INFO | SFTrainer | Epoch 020 | total 64.5529 | rec_rna 8.6159 | rec_atac 17.7170 | clip 7.5132 | clip_weight 0.5000 | lr 1.00e-03 | best 64.5529
2026-03-30 13:00:42,530 | INFO | SFTrainer | Epoch 030 | total 62.2437 | rec_rna 8.2670 | rec_atac 17.2372 | clip 7.3427 | clip_weight 0.5000 | lr 1.00e-03 | best 62.2437
2026-03-30 13:00:43,509 | INFO | SFTrainer | Epoch 040 | total 60.8414 | rec_rna 8.0738 | rec_atac 16.8959 | clip 7.1529 | clip_weight 0.5000 | lr 1.00e-03 | best 60.8414
2026-03-30 13:00:44,462 | INFO | SFTrainer | Epoch 050 | total 59.5956 | rec_rna 7.9198 | rec_atac 16.5056 | clip 6.9818 | clip_weight 0.5000 | lr 1.00e-03 | best 59.5956
2026-03-30 13:00:45,467 | INFO | SFTrainer | Epoch 060 | total 58.3613 | rec_rna 7.8041 | rec_atac 15.9108 | clip 6.8598 | clip_weight 0.5000 | lr 1.00e-03 | best 58.3613
2026-03-30 13:00:46,435 | INFO | SFTrainer | Epoch 070 | total 57.4338 | rec_rna 7.6977 | rec_atac 15.5804 | clip 6.7293 | clip_weight 0.5000 | lr 1.00e-03 | best 57.4338
2026-03-30 13:00:47,415 | INFO | SFTrainer | Epoch 080 | total 56.6442 | rec_rna 7.6001 | rec_atac 15.3240 | clip 6.6391 | clip_weight 0.5000 | lr 1.00e-03 | best 56.6442
2026-03-30 13:00:48,387 | INFO | SFTrainer | Epoch 090 | total 55.7962 | rec_rna 7.4780 | rec_atac 15.1218 | clip 6.5690 | clip_weight 0.5000 | lr 1.00e-03 | best 55.7962
2026-03-30 13:00:49,354 | INFO | SFTrainer | Epoch 100 | total 54.9397 | rec_rna 7.3446 | rec_atac 14.9505 | clip 6.5327 | clip_weight 0.5000 | lr 1.00e-03 | best 54.9397
2026-03-30 13:00:50,362 | INFO | SFTrainer | Epoch 110 | total 53.9166 | rec_rna 7.1831 | rec_atac 14.7757 | clip 6.4510 | clip_weight 0.5000 | lr 1.00e-03 | best 53.9166
2026-03-30 13:00:51,347 | INFO | SFTrainer | Epoch 120 | total 53.0007 | rec_rna 7.0313 | rec_atac 14.6378 | clip 6.4132 | clip_weight 0.5000 | lr 1.00e-03 | best 53.0007
2026-03-30 13:00:52,320 | INFO | SFTrainer | Epoch 130 | total 52.1145 | rec_rna 6.8945 | rec_atac 14.4565 | clip 6.3708 | clip_weight 0.5000 | lr 1.00e-03 | best 52.1145
2026-03-30 13:00:53,336 | INFO | SFTrainer | Epoch 140 | total 51.1297 | rec_rna 6.7333 | rec_atac 14.2910 | clip 6.3441 | clip_weight 0.5000 | lr 1.00e-03 | best 51.1297
2026-03-30 13:00:54,353 | INFO | SFTrainer | Epoch 150 | total 50.2981 | rec_rna 6.5981 | rec_atac 14.1452 | clip 6.3244 | clip_weight 0.5000 | lr 1.00e-03 | best 50.2981
2026-03-30 13:00:55,354 | INFO | SFTrainer | Epoch 160 | total 49.4028 | rec_rna 6.4652 | rec_atac 13.9284 | clip 6.2965 | clip_weight 0.5000 | lr 1.00e-03 | best 49.4028
2026-03-30 13:00:56,311 | INFO | SFTrainer | Epoch 170 | total 48.6526 | rec_rna 6.3498 | rec_atac 13.7695 | clip 6.2683 | clip_weight 0.5000 | lr 1.00e-03 | best 48.6526
2026-03-30 13:00:57,271 | INFO | SFTrainer | Epoch 180 | total 47.8906 | rec_rna 6.2370 | rec_atac 13.5787 | clip 6.2539 | clip_weight 0.5000 | lr 1.00e-03 | best 47.8906
2026-03-30 13:00:58,247 | INFO | SFTrainer | Epoch 190 | total 47.0229 | rec_rna 6.1144 | rec_atac 13.3461 | clip 6.2095 | clip_weight 0.5000 | lr 1.00e-03 | best 47.0229
2026-03-30 13:00:59,217 | INFO | SFTrainer | Epoch 200 | total 46.3026 | rec_rna 6.0123 | rec_atac 13.1421 | clip 6.1981 | clip_weight 0.5000 | lr 1.00e-03 | best 46.3026
2026-03-30 13:01:00,240 | INFO | SFTrainer | Epoch 210 | total 45.5518 | rec_rna 5.9066 | rec_atac 12.9406 | clip 6.1566 | clip_weight 0.5000 | lr 1.00e-03 | best 45.5518
2026-03-30 13:01:01,178 | INFO | SFTrainer | Epoch 220 | total 44.8446 | rec_rna 5.8111 | rec_atac 12.7132 | clip 6.1519 | clip_weight 0.5000 | lr 1.00e-03 | best 44.8446
2026-03-30 13:01:02,099 | INFO | SFTrainer | Epoch 230 | total 44.0766 | rec_rna 5.7051 | rec_atac 12.4899 | clip 6.1220 | clip_weight 0.5000 | lr 1.00e-03 | best 44.0766
2026-03-30 13:01:02,978 | INFO | SFTrainer | Epoch 240 | total 43.4211 | rec_rna 5.6221 | rec_atac 12.2653 | clip 6.0902 | clip_weight 0.5000 | lr 1.00e-03 | best 43.4069
2026-03-30 13:01:03,957 | INFO | SFTrainer | Epoch 250 | total 42.7235 | rec_rna 5.5281 | rec_atac 12.0340 | clip 6.0982 | clip_weight 0.5000 | lr 1.00e-03 | best 42.7235
2026-03-30 13:01:04,957 | INFO | SFTrainer | Epoch 260 | total 42.0389 | rec_rna 5.4437 | rec_atac 11.7919 | clip 6.0572 | clip_weight 0.5000 | lr 1.00e-03 | best 42.0389
2026-03-30 13:01:05,915 | INFO | SFTrainer | Epoch 270 | total 41.3576 | rec_rna 5.3530 | rec_atac 11.5785 | clip 6.0286 | clip_weight 0.5000 | lr 1.00e-03 | best 41.3576
2026-03-30 13:01:06,878 | INFO | SFTrainer | Epoch 280 | total 40.7721 | rec_rna 5.2783 | rec_atac 11.3712 | clip 6.0187 | clip_weight 0.5000 | lr 1.00e-03 | best 40.7721
2026-03-30 13:01:07,887 | INFO | SFTrainer | Epoch 290 | total 40.0803 | rec_rna 5.1915 | rec_atac 11.1273 | clip 5.9907 | clip_weight 0.5000 | lr 1.00e-03 | best 40.0803
2026-03-30 13:01:08,834 | INFO | SFTrainer | Epoch 300 | total 39.5143 | rec_rna 5.1150 | rec_atac 10.9484 | clip 5.9820 | clip_weight 0.5000 | lr 1.00e-03 | best 39.5143
2026-03-30 13:01:09,824 | INFO | SFTrainer | Epoch 310 | total 38.9302 | rec_rna 5.0397 | rec_atac 10.7487 | clip 5.9664 | clip_weight 0.5000 | lr 1.00e-03 | best 38.9302
2026-03-30 13:01:10,802 | INFO | SFTrainer | Epoch 320 | total 38.3539 | rec_rna 4.9725 | rec_atac 10.5349 | clip 5.9131 | clip_weight 0.5000 | lr 1.00e-03 | best 38.3539
2026-03-30 13:01:11,783 | INFO | SFTrainer | Epoch 330 | total 37.8375 | rec_rna 4.9101 | rec_atac 10.3337 | clip 5.9062 | clip_weight 0.5000 | lr 1.00e-03 | best 37.8375
2026-03-30 13:01:12,649 | INFO | SFTrainer | Epoch 340 | total 37.3865 | rec_rna 4.8534 | rec_atac 10.1741 | clip 5.8907 | clip_weight 0.5000 | lr 1.00e-03 | best 37.3865
2026-03-30 13:01:13,604 | INFO | SFTrainer | Epoch 350 | total 36.9495 | rec_rna 4.7968 | rec_atac 10.0297 | clip 5.8715 | clip_weight 0.5000 | lr 1.00e-03 | best 36.9495
2026-03-30 13:01:14,572 | INFO | SFTrainer | Epoch 360 | total 36.5351 | rec_rna 4.7502 | rec_atac 9.8617 | clip 5.8446 | clip_weight 0.5000 | lr 1.00e-03 | best 36.5351
2026-03-30 13:01:15,498 | INFO | SFTrainer | Epoch 370 | total 36.0575 | rec_rna 4.6902 | rec_atac 9.7019 | clip 5.8093 | clip_weight 0.5000 | lr 1.00e-03 | best 36.0575
2026-03-30 13:01:16,341 | INFO | SFTrainer | Epoch 380 | total 35.7014 | rec_rna 4.6419 | rec_atac 9.5958 | clip 5.7923 | clip_weight 0.5000 | lr 1.00e-03 | best 35.6983
2026-03-30 13:01:17,245 | INFO | SFTrainer | Epoch 390 | total 35.3274 | rec_rna 4.5955 | rec_atac 9.4580 | clip 5.7837 | clip_weight 0.5000 | lr 1.00e-03 | best 35.3274
2026-03-30 13:01:18,178 | INFO | SFTrainer | Epoch 400 | total 34.9421 | rec_rna 4.5489 | rec_atac 9.3121 | clip 5.7708 | clip_weight 0.5000 | lr 1.00e-03 | best 34.9421
2026-03-30 13:01:19,148 | INFO | SFTrainer | Epoch 410 | total 34.6341 | rec_rna 4.5141 | rec_atac 9.2003 | clip 5.7266 | clip_weight 0.5000 | lr 1.00e-03 | best 34.6341
2026-03-30 13:01:20,051 | INFO | SFTrainer | Epoch 420 | total 34.2892 | rec_rna 4.4710 | rec_atac 9.0728 | clip 5.7231 | clip_weight 0.5000 | lr 1.00e-03 | best 34.2892
2026-03-30 13:01:20,961 | INFO | SFTrainer | Epoch 430 | total 33.9628 | rec_rna 4.4221 | rec_atac 8.9980 | clip 5.7082 | clip_weight 0.5000 | lr 1.00e-03 | best 33.9628
2026-03-30 13:01:21,823 | INFO | SFTrainer | Epoch 440 | total 33.7255 | rec_rna 4.3987 | rec_atac 8.8943 | clip 5.6755 | clip_weight 0.5000 | lr 1.00e-03 | best 33.7255
2026-03-30 13:01:22,679 | INFO | SFTrainer | Epoch 450 | total 33.4183 | rec_rna 4.3610 | rec_atac 8.7928 | clip 5.6414 | clip_weight 0.5000 | lr 1.00e-03 | best 33.3904
2026-03-30 13:01:23,555 | INFO | SFTrainer | Epoch 460 | total 33.1551 | rec_rna 4.3286 | rec_atac 8.6896 | clip 5.6453 | clip_weight 0.5000 | lr 1.00e-03 | best 33.1551
2026-03-30 13:01:24,419 | INFO | SFTrainer | Epoch 470 | total 32.9343 | rec_rna 4.3004 | rec_atac 8.6315 | clip 5.6020 | clip_weight 0.5000 | lr 1.00e-03 | best 32.9309
2026-03-30 13:01:25,265 | INFO | SFTrainer | Epoch 480 | total 32.6455 | rec_rna 4.2625 | rec_atac 8.5395 | clip 5.5870 | clip_weight 0.5000 | lr 1.00e-03 | best 32.6093
2026-03-30 13:01:26,040 | INFO | SFTrainer | Epoch 490 | total 32.4713 | rec_rna 4.2434 | rec_atac 8.4684 | clip 5.5715 | clip_weight 0.5000 | lr 1.00e-03 | best 32.3582
2026-03-30 13:01:26,816 | INFO | SFTrainer | Epoch 500 | total 32.1720 | rec_rna 4.2087 | rec_atac 8.3615 | clip 5.5336 | clip_weight 0.5000 | lr 1.00e-03 | best 32.1416
2026-03-30 13:01:27,673 | INFO | SFTrainer | Epoch 510 | total 32.0445 | rec_rna 4.1887 | rec_atac 8.3383 | clip 5.5251 | clip_weight 0.5000 | lr 1.00e-03 | best 32.0111
2026-03-30 13:01:28,522 | INFO | SFTrainer | Epoch 520 | total 31.8032 | rec_rna 4.1589 | rec_atac 8.2459 | clip 5.5251 | clip_weight 0.5000 | lr 1.00e-03 | best 31.8032
2026-03-30 13:01:29,380 | INFO | SFTrainer | Epoch 530 | total 31.4647 | rec_rna 4.1128 | rec_atac 8.1609 | clip 5.4800 | clip_weight 0.5000 | lr 1.00e-03 | best 31.4647
2026-03-30 13:01:30,204 | INFO | SFTrainer | Epoch 540 | total 31.2957 | rec_rna 4.0886 | rec_atac 8.1298 | clip 5.4462 | clip_weight 0.5000 | lr 1.00e-03 | best 31.2957
2026-03-30 13:01:30,968 | INFO | SFTrainer | Epoch 550 | total 31.2123 | rec_rna 4.0794 | rec_atac 8.0962 | clip 5.4379 | clip_weight 0.5000 | lr 1.00e-03 | best 31.1676
2026-03-30 13:01:31,932 | INFO | SFTrainer | Epoch 560 | total 30.9621 | rec_rna 4.0509 | rec_atac 8.0058 | clip 5.4036 | clip_weight 0.5000 | lr 1.00e-03 | best 30.9621
2026-03-30 13:01:32,739 | INFO | SFTrainer | Epoch 570 | total 30.8390 | rec_rna 4.0399 | rec_atac 7.9438 | clip 5.3914 | clip_weight 0.5000 | lr 1.00e-03 | best 30.8338
2026-03-30 13:01:33,594 | INFO | SFTrainer | Epoch 580 | total 30.6483 | rec_rna 4.0145 | rec_atac 7.8982 | clip 5.3549 | clip_weight 0.5000 | lr 1.00e-03 | best 30.5998
2026-03-30 13:01:34,422 | INFO | SFTrainer | Epoch 590 | total 30.4633 | rec_rna 3.9921 | rec_atac 7.8315 | clip 5.3425 | clip_weight 0.5000 | lr 1.00e-03 | best 30.4633
2026-03-30 13:01:35,258 | INFO | SFTrainer | Epoch 600 | total 30.3677 | rec_rna 3.9813 | rec_atac 7.8058 | clip 5.3109 | clip_weight 0.5000 | lr 1.00e-03 | best 30.3677
2026-03-30 13:01:36,065 | INFO | SFTrainer | Epoch 610 | total 30.1914 | rec_rna 3.9560 | rec_atac 7.7595 | clip 5.3035 | clip_weight 0.5000 | lr 1.00e-03 | best 30.1914
2026-03-30 13:01:36,899 | INFO | SFTrainer | Epoch 620 | total 30.0973 | rec_rna 3.9462 | rec_atac 7.7376 | clip 5.2577 | clip_weight 0.5000 | lr 1.00e-03 | best 30.0477
2026-03-30 13:01:37,661 | INFO | SFTrainer | Epoch 630 | total 29.9149 | rec_rna 3.9194 | rec_atac 7.6876 | clip 5.2601 | clip_weight 0.5000 | lr 1.00e-03 | best 29.8857
2026-03-30 13:01:38,402 | INFO | SFTrainer | Epoch 640 | total 29.8110 | rec_rna 3.9116 | rec_atac 7.6455 | clip 5.2147 | clip_weight 0.5000 | lr 1.00e-03 | best 29.7997
2026-03-30 13:01:39,157 | INFO | SFTrainer | Epoch 650 | total 29.6835 | rec_rna 3.8893 | rec_atac 7.6209 | clip 5.2324 | clip_weight 0.5000 | lr 1.00e-03 | best 29.6580
2026-03-30 13:01:39,973 | INFO | SFTrainer | Epoch 660 | total 29.5317 | rec_rna 3.8776 | rec_atac 7.5612 | clip 5.1649 | clip_weight 0.5000 | lr 1.00e-03 | best 29.5317
2026-03-30 13:01:40,732 | INFO | SFTrainer | Epoch 670 | total 29.4547 | rec_rna 3.8627 | rec_atac 7.5606 | clip 5.1611 | clip_weight 0.5000 | lr 1.00e-03 | best 29.3711
2026-03-30 13:01:41,550 | INFO | SFTrainer | Epoch 680 | total 29.2478 | rec_rna 3.8406 | rec_atac 7.4849 | clip 5.1200 | clip_weight 0.5000 | lr 1.00e-03 | best 29.2238
2026-03-30 13:01:42,271 | INFO | SFTrainer | Epoch 690 | total 29.1945 | rec_rna 3.8357 | rec_atac 7.4563 | clip 5.1199 | clip_weight 0.5000 | lr 1.00e-03 | best 29.1487
2026-03-30 13:01:42,952 | INFO | SFTrainer | Epoch 700 | total 29.0795 | rec_rna 3.8207 | rec_atac 7.4323 | clip 5.0869 | clip_weight 0.5000 | lr 1.00e-03 | best 29.0773
2026-03-30 13:01:43,733 | INFO | SFTrainer | Epoch 710 | total 29.0384 | rec_rna 3.8131 | rec_atac 7.4297 | clip 5.0861 | clip_weight 0.5000 | lr 1.00e-03 | best 28.9238
2026-03-30 13:01:44,487 | INFO | SFTrainer | Epoch 720 | total 28.8974 | rec_rna 3.7969 | rec_atac 7.3937 | clip 5.0385 | clip_weight 0.5000 | lr 1.00e-03 | best 28.8467
2026-03-30 13:01:45,268 | INFO | SFTrainer | Epoch 730 | total 28.8051 | rec_rna 3.7815 | rec_atac 7.3870 | clip 5.0215 | clip_weight 0.5000 | lr 1.00e-03 | best 28.7410
2026-03-30 13:01:46,061 | INFO | SFTrainer | Epoch 740 | total 28.6921 | rec_rna 3.7779 | rec_atac 7.3189 | clip 4.9675 | clip_weight 0.5000 | lr 1.00e-03 | best 28.6200
2026-03-30 13:01:46,776 | INFO | SFTrainer | Epoch 750 | total 28.5408 | rec_rna 3.7525 | rec_atac 7.2877 | clip 4.9811 | clip_weight 0.5000 | lr 1.00e-03 | best 28.5241
2026-03-30 13:01:47,640 | INFO | SFTrainer | Epoch 760 | total 28.4839 | rec_rna 3.7435 | rec_atac 7.2933 | clip 4.9461 | clip_weight 0.5000 | lr 1.00e-03 | best 28.4430
2026-03-30 13:01:48,626 | INFO | SFTrainer | Epoch 770 | total 28.3967 | rec_rna 3.7376 | rec_atac 7.2294 | clip 4.9589 | clip_weight 0.5000 | lr 1.00e-03 | best 28.3669
2026-03-30 13:01:49,472 | INFO | SFTrainer | Epoch 780 | total 28.2476 | rec_rna 3.7153 | rec_atac 7.2106 | clip 4.9208 | clip_weight 0.5000 | lr 1.00e-03 | best 28.2476
2026-03-30 13:01:50,377 | INFO | SFTrainer | Epoch 790 | total 28.2149 | rec_rna 3.7159 | rec_atac 7.1866 | clip 4.8976 | clip_weight 0.5000 | lr 1.00e-03 | best 28.1297
2026-03-30 13:01:51,167 | INFO | SFTrainer | Epoch 800 | total 28.0913 | rec_rna 3.7009 | rec_atac 7.1638 | clip 4.8462 | clip_weight 0.5000 | lr 1.00e-03 | best 28.0515
2026-03-30 13:01:51,942 | INFO | SFTrainer | Epoch 810 | total 28.0081 | rec_rna 3.6962 | rec_atac 7.0965 | clip 4.8609 | clip_weight 0.5000 | lr 1.00e-03 | best 27.9759
2026-03-30 13:01:52,726 | INFO | SFTrainer | Epoch 820 | total 27.9262 | rec_rna 3.6821 | rec_atac 7.1204 | clip 4.7907 | clip_weight 0.5000 | lr 1.00e-03 | best 27.8952
2026-03-30 13:01:53,487 | INFO | SFTrainer | Epoch 830 | total 27.8190 | rec_rna 3.6673 | rec_atac 7.0851 | clip 4.7952 | clip_weight 0.5000 | lr 1.00e-03 | best 27.7696
2026-03-30 13:01:54,158 | INFO | SFTrainer | Epoch 840 | total 27.7810 | rec_rna 3.6656 | rec_atac 7.0586 | clip 4.7893 | clip_weight 0.5000 | lr 1.00e-03 | best 27.7402
2026-03-30 13:01:54,934 | INFO | SFTrainer | Epoch 850 | total 27.6010 | rec_rna 3.6411 | rec_atac 7.0371 | clip 4.7169 | clip_weight 0.5000 | lr 1.00e-03 | best 27.6010
2026-03-30 13:01:55,665 | INFO | SFTrainer | Epoch 860 | total 27.6253 | rec_rna 3.6434 | rec_atac 7.0496 | clip 4.7177 | clip_weight 0.5000 | lr 1.00e-03 | best 27.5362
2026-03-30 13:01:56,358 | INFO | SFTrainer | Epoch 870 | total 27.5177 | rec_rna 3.6283 | rec_atac 7.0287 | clip 4.6947 | clip_weight 0.5000 | lr 1.00e-03 | best 27.5080
2026-03-30 13:01:57,110 | INFO | SFTrainer | Epoch 880 | total 27.4438 | rec_rna 3.6188 | rec_atac 7.0051 | clip 4.6895 | clip_weight 0.5000 | lr 1.00e-03 | best 27.4287
2026-03-30 13:01:57,806 | INFO | SFTrainer | Epoch 890 | total 27.5074 | rec_rna 3.6379 | rec_atac 6.9983 | clip 4.6392 | clip_weight 0.5000 | lr 1.00e-03 | best 27.3976
2026-03-30 13:01:58,649 | INFO | SFTrainer | Epoch 900 | total 27.4352 | rec_rna 3.6250 | rec_atac 6.9812 | clip 4.6578 | clip_weight 0.5000 | lr 1.00e-03 | best 27.3024
2026-03-30 13:01:59,458 | INFO | SFTrainer | Epoch 910 | total 27.2373 | rec_rna 3.5995 | rec_atac 6.9441 | clip 4.5919 | clip_weight 0.5000 | lr 1.00e-03 | best 27.2016
2026-03-30 13:02:00,163 | INFO | SFTrainer | Epoch 920 | total 27.1730 | rec_rna 3.5851 | rec_atac 6.9536 | clip 4.5877 | clip_weight 0.5000 | lr 1.00e-03 | best 27.1320
2026-03-30 13:02:00,836 | INFO | SFTrainer | Epoch 930 | total 27.1317 | rec_rna 3.5859 | rec_atac 6.9218 | clip 4.5607 | clip_weight 0.5000 | lr 1.00e-03 | best 27.1117
2026-03-30 13:02:01,585 | INFO | SFTrainer | Epoch 940 | total 27.0280 | rec_rna 3.5746 | rec_atac 6.9072 | clip 4.4952 | clip_weight 0.5000 | lr 1.00e-03 | best 26.9412
2026-03-30 13:02:02,242 | INFO | SFTrainer | Epoch 950 | total 26.9920 | rec_rna 3.5766 | rec_atac 6.8697 | clip 4.4786 | clip_weight 0.5000 | lr 1.00e-03 | best 26.9412
2026-03-30 13:02:02,998 | INFO | SFTrainer | Epoch 960 | total 26.8641 | rec_rna 3.5533 | rec_atac 6.8661 | clip 4.4626 | clip_weight 0.5000 | lr 1.00e-03 | best 26.8175
2026-03-30 13:02:03,695 | INFO | SFTrainer | Epoch 970 | total 26.8124 | rec_rna 3.5517 | rec_atac 6.8413 | clip 4.4256 | clip_weight 0.5000 | lr 1.00e-03 | best 26.7875
2026-03-30 13:02:04,409 | INFO | SFTrainer | Epoch 980 | total 26.7865 | rec_rna 3.5497 | rec_atac 6.8347 | clip 4.4068 | clip_weight 0.5000 | lr 1.00e-03 | best 26.7415
2026-03-30 13:02:05,157 | INFO | SFTrainer | Epoch 990 | total 26.7029 | rec_rna 3.5451 | rec_atac 6.7854 | clip 4.3843 | clip_weight 0.5000 | lr 1.00e-03 | best 26.6402
2026-03-30 13:02:05,848 | INFO | SFTrainer | Epoch 1000 | total 26.6045 | rec_rna 3.5285 | rec_atac 6.7805 | clip 4.3630 | clip_weight 0.5000 | lr 1.00e-03 | best 26.6045
2026-03-30 13:02:06,622 | INFO | SFTrainer | Epoch 1010 | total 26.5934 | rec_rna 3.5305 | rec_atac 6.7809 | clip 4.3197 | clip_weight 0.5000 | lr 1.00e-03 | best 26.5748
2026-03-30 13:02:07,368 | INFO | SFTrainer | Epoch 1020 | total 26.6190 | rec_rna 3.5301 | rec_atac 6.8085 | clip 4.3201 | clip_weight 0.5000 | lr 1.00e-03 | best 26.5139
2026-03-30 13:02:08,172 | INFO | SFTrainer | Epoch 1030 | total 26.4477 | rec_rna 3.5075 | rec_atac 6.7786 | clip 4.2635 | clip_weight 0.5000 | lr 1.00e-03 | best 26.4261
2026-03-30 13:02:09,029 | INFO | SFTrainer | Epoch 1040 | total 26.3362 | rec_rna 3.4953 | rec_atac 6.7279 | clip 4.2636 | clip_weight 0.5000 | lr 1.00e-03 | best 26.3362
2026-03-30 13:02:09,675 | INFO | SFTrainer | Epoch 1050 | total 26.3750 | rec_rna 3.5017 | rec_atac 6.7544 | clip 4.2246 | clip_weight 0.5000 | lr 1.00e-03 | best 26.3362
2026-03-30 13:02:10,427 | INFO | SFTrainer | Epoch 1060 | total 26.3380 | rec_rna 3.5008 | rec_atac 6.7374 | clip 4.1932 | clip_weight 0.5000 | lr 1.00e-03 | best 26.3141
2026-03-30 13:02:11,188 | INFO | SFTrainer | Epoch 1070 | total 26.1676 | rec_rna 3.4820 | rec_atac 6.6880 | clip 4.1392 | clip_weight 0.5000 | lr 1.00e-03 | best 26.1676
2026-03-30 13:02:11,849 | INFO | SFTrainer | Epoch 1080 | total 26.2408 | rec_rna 3.4895 | rec_atac 6.7143 | clip 4.1576 | clip_weight 0.5000 | lr 1.00e-03 | best 26.1676
2026-03-30 13:02:12,592 | INFO | SFTrainer | Epoch 1090 | total 26.1598 | rec_rna 3.4826 | rec_atac 6.7057 | clip 4.0822 | clip_weight 0.5000 | lr 1.00e-03 | best 26.1104
2026-03-30 13:02:13,294 | INFO | SFTrainer | Epoch 1100 | total 26.1500 | rec_rna 3.4820 | rec_atac 6.6884 | clip 4.1037 | clip_weight 0.5000 | lr 1.00e-03 | best 26.0528
2026-03-30 13:02:14,033 | INFO | SFTrainer | Epoch 1110 | total 26.0169 | rec_rna 3.4661 | rec_atac 6.6613 | clip 4.0500 | clip_weight 0.5000 | lr 1.00e-03 | best 26.0169
2026-03-30 13:02:14,764 | INFO | SFTrainer | Epoch 1120 | total 25.9874 | rec_rna 3.4633 | rec_atac 6.6607 | clip 4.0205 | clip_weight 0.5000 | lr 1.00e-03 | best 25.9382
2026-03-30 13:02:15,508 | INFO | SFTrainer | Epoch 1130 | total 25.9916 | rec_rna 3.4678 | rec_atac 6.6491 | clip 4.0073 | clip_weight 0.5000 | lr 1.00e-03 | best 25.8439
2026-03-30 13:02:16,199 | INFO | SFTrainer | Epoch 1140 | total 26.0272 | rec_rna 3.4779 | rec_atac 6.6441 | clip 3.9870 | clip_weight 0.5000 | lr 1.00e-03 | best 25.7865
2026-03-30 13:02:16,866 | INFO | SFTrainer | Epoch 1150 | total 25.8024 | rec_rna 3.4394 | rec_atac 6.6228 | clip 3.9654 | clip_weight 0.5000 | lr 1.00e-03 | best 25.7865
2026-03-30 13:02:17,614 | INFO | SFTrainer | Epoch 1160 | total 25.7592 | rec_rna 3.4288 | rec_atac 6.6378 | clip 3.9550 | clip_weight 0.5000 | lr 1.00e-03 | best 25.7592
2026-03-30 13:02:18,360 | INFO | SFTrainer | Epoch 1170 | total 25.7116 | rec_rna 3.4296 | rec_atac 6.6087 | clip 3.9098 | clip_weight 0.5000 | lr 1.00e-03 | best 25.7116
2026-03-30 13:02:19,109 | INFO | SFTrainer | Epoch 1180 | total 25.6305 | rec_rna 3.4180 | rec_atac 6.6114 | clip 3.8584 | clip_weight 0.5000 | lr 1.00e-03 | best 25.6305
2026-03-30 13:02:19,810 | INFO | SFTrainer | Epoch 1190 | total 25.6281 | rec_rna 3.4222 | rec_atac 6.5944 | clip 3.8453 | clip_weight 0.5000 | lr 1.00e-03 | best 25.5619
2026-03-30 13:02:20,509 | INFO | SFTrainer | Epoch 1200 | total 25.6169 | rec_rna 3.4237 | rec_atac 6.5878 | clip 3.8208 | clip_weight 0.5000 | lr 1.00e-03 | best 25.5619
2026-03-30 13:02:21,280 | INFO | SFTrainer | Epoch 1210 | total 25.5669 | rec_rna 3.4198 | rec_atac 6.5754 | clip 3.7851 | clip_weight 0.5000 | lr 1.00e-03 | best 25.5362
2026-03-30 13:02:21,984 | INFO | SFTrainer | Epoch 1220 | total 25.5778 | rec_rna 3.4244 | rec_atac 6.5701 | clip 3.7711 | clip_weight 0.5000 | lr 1.00e-03 | best 25.4868
2026-03-30 13:02:22,710 | INFO | SFTrainer | Epoch 1230 | total 25.4079 | rec_rna 3.3991 | rec_atac 6.5560 | clip 3.7126 | clip_weight 0.5000 | lr 1.00e-03 | best 25.4079
2026-03-30 13:02:23,388 | INFO | SFTrainer | Epoch 1240 | total 25.4940 | rec_rna 3.4202 | rec_atac 6.5433 | clip 3.6997 | clip_weight 0.5000 | lr 1.00e-03 | best 25.4031
2026-03-30 13:02:24,105 | INFO | SFTrainer | Epoch 1250 | total 25.4024 | rec_rna 3.4071 | rec_atac 6.5376 | clip 3.6589 | clip_weight 0.5000 | lr 1.00e-03 | best 25.2820
2026-03-30 13:02:24,772 | INFO | SFTrainer | Epoch 1260 | total 25.3298 | rec_rna 3.3922 | rec_atac 6.5479 | clip 3.6423 | clip_weight 0.5000 | lr 1.00e-03 | best 25.2820
2026-03-30 13:02:25,549 | INFO | SFTrainer | Epoch 1270 | total 25.3656 | rec_rna 3.4092 | rec_atac 6.5172 | clip 3.6049 | clip_weight 0.5000 | lr 1.00e-03 | best 25.2090
2026-03-30 13:02:26,231 | INFO | SFTrainer | Epoch 1280 | total 25.1985 | rec_rna 3.3783 | rec_atac 6.5274 | clip 3.5596 | clip_weight 0.5000 | lr 1.00e-03 | best 25.1842
2026-03-30 13:02:26,938 | INFO | SFTrainer | Epoch 1290 | total 25.1997 | rec_rna 3.3835 | rec_atac 6.5199 | clip 3.5246 | clip_weight 0.5000 | lr 1.00e-03 | best 25.1493
2026-03-30 13:02:27,644 | INFO | SFTrainer | Epoch 1300 | total 25.1562 | rec_rna 3.3796 | rec_atac 6.5080 | clip 3.5009 | clip_weight 0.5000 | lr 1.00e-03 | best 25.0758
2026-03-30 13:02:28,330 | INFO | SFTrainer | Epoch 1310 | total 25.1515 | rec_rna 3.3828 | rec_atac 6.4995 | clip 3.4759 | clip_weight 0.5000 | lr 1.00e-03 | best 25.0758
2026-03-30 13:02:29,056 | INFO | SFTrainer | Epoch 1320 | total 25.0654 | rec_rna 3.3725 | rec_atac 6.4750 | clip 3.4561 | clip_weight 0.5000 | lr 1.00e-03 | best 25.0180
2026-03-30 13:02:29,709 | INFO | SFTrainer | Epoch 1330 | total 25.0270 | rec_rna 3.3645 | rec_atac 6.4630 | clip 3.4827 | clip_weight 0.5000 | lr 1.00e-03 | best 25.0180
2026-03-30 13:02:30,416 | INFO | SFTrainer | Epoch 1340 | total 25.0319 | rec_rna 3.3743 | rec_atac 6.4727 | clip 3.3759 | clip_weight 0.5000 | lr 1.00e-03 | best 24.9560
2026-03-30 13:02:31,234 | INFO | SFTrainer | Epoch 1350 | total 25.0170 | rec_rna 3.3767 | rec_atac 6.4650 | clip 3.3373 | clip_weight 0.5000 | lr 1.00e-03 | best 24.9159
2026-03-30 13:02:31,971 | INFO | SFTrainer | Epoch 1360 | total 24.9926 | rec_rna 3.3650 | rec_atac 6.5003 | clip 3.3346 | clip_weight 0.5000 | lr 1.00e-03 | best 24.8626
2026-03-30 13:02:32,687 | INFO | SFTrainer | Epoch 1370 | total 24.8785 | rec_rna 3.3587 | rec_atac 6.4402 | clip 3.2895 | clip_weight 0.5000 | lr 1.00e-03 | best 24.8350
2026-03-30 13:02:33,416 | INFO | SFTrainer | Epoch 1380 | total 24.8338 | rec_rna 3.3555 | rec_atac 6.4426 | clip 3.2275 | clip_weight 0.5000 | lr 1.00e-03 | best 24.7787
2026-03-30 13:02:34,105 | INFO | SFTrainer | Epoch 1390 | total 24.7605 | rec_rna 3.3438 | rec_atac 6.4437 | clip 3.1952 | clip_weight 0.5000 | lr 1.00e-03 | best 24.7355
2026-03-30 13:02:34,816 | INFO | SFTrainer | Epoch 1400 | total 24.8768 | rec_rna 3.3663 | rec_atac 6.4435 | clip 3.2031 | clip_weight 0.5000 | lr 1.00e-03 | best 24.7141
2026-03-30 13:02:35,580 | INFO | SFTrainer | Epoch 1410 | total 24.7451 | rec_rna 3.3488 | rec_atac 6.4230 | clip 3.1558 | clip_weight 0.5000 | lr 1.00e-03 | best 24.7026
2026-03-30 13:02:36,305 | INFO | SFTrainer | Epoch 1420 | total 24.6510 | rec_rna 3.3344 | rec_atac 6.4224 | clip 3.1132 | clip_weight 0.5000 | lr 1.00e-03 | best 24.6500
2026-03-30 13:02:37,086 | INFO | SFTrainer | Epoch 1430 | total 24.6358 | rec_rna 3.3388 | rec_atac 6.3958 | clip 3.0922 | clip_weight 0.5000 | lr 1.00e-03 | best 24.6213
2026-03-30 13:02:37,836 | INFO | SFTrainer | Epoch 1440 | total 24.5880 | rec_rna 3.3383 | rec_atac 6.3969 | clip 2.9995 | clip_weight 0.5000 | lr 1.00e-03 | best 24.5751
2026-03-30 13:02:38,608 | INFO | SFTrainer | Epoch 1450 | total 24.5696 | rec_rna 3.3320 | rec_atac 6.3945 | clip 3.0301 | clip_weight 0.5000 | lr 1.00e-03 | best 24.5088
2026-03-30 13:02:39,393 | INFO | SFTrainer | Epoch 1460 | total 24.4860 | rec_rna 3.3218 | rec_atac 6.3753 | clip 3.0034 | clip_weight 0.5000 | lr 1.00e-03 | best 24.4212
2026-03-30 13:02:40,130 | INFO | SFTrainer | Epoch 1470 | total 24.4308 | rec_rna 3.3167 | rec_atac 6.3792 | clip 2.9356 | clip_weight 0.5000 | lr 1.00e-03 | best 24.4001
2026-03-30 13:02:40,913 | INFO | SFTrainer | Epoch 1480 | total 24.3587 | rec_rna 3.3101 | rec_atac 6.3497 | clip 2.9175 | clip_weight 0.5000 | lr 1.00e-03 | best 24.3587
2026-03-30 13:02:41,617 | INFO | SFTrainer | Epoch 1490 | total 24.3640 | rec_rna 3.3091 | rec_atac 6.3931 | clip 2.8513 | clip_weight 0.5000 | lr 1.00e-03 | best 24.3458
2026-03-30 13:02:42,359 | INFO | SFTrainer | Epoch 1500 | total 24.4592 | rec_rna 3.3305 | rec_atac 6.3777 | clip 2.8577 | clip_weight 0.5000 | lr 1.00e-03 | best 24.3200
2026-03-30 13:02:43,118 | INFO | SFTrainer | Epoch 1510 | total 24.3694 | rec_rna 3.3254 | rec_atac 6.3562 | clip 2.7721 | clip_weight 0.5000 | lr 1.00e-03 | best 24.2647
2026-03-30 13:02:43,853 | INFO | SFTrainer | Epoch 1520 | total 24.2430 | rec_rna 3.3019 | rec_atac 6.3588 | clip 2.7494 | clip_weight 0.5000 | lr 1.00e-03 | best 24.2430
2026-03-30 13:02:44,615 | INFO | SFTrainer | Epoch 1530 | total 24.2773 | rec_rna 3.3161 | rec_atac 6.3417 | clip 2.7103 | clip_weight 0.5000 | lr 1.00e-03 | best 24.1952
2026-03-30 13:02:45,312 | INFO | SFTrainer | Epoch 1540 | total 24.2009 | rec_rna 3.3061 | rec_atac 6.3272 | clip 2.6860 | clip_weight 0.5000 | lr 1.00e-03 | best 24.1586
2026-03-30 13:02:46,043 | INFO | SFTrainer | Epoch 1550 | total 24.1765 | rec_rna 3.3081 | rec_atac 6.3224 | clip 2.6276 | clip_weight 0.5000 | lr 1.00e-03 | best 24.0639
2026-03-30 13:02:46,734 | INFO | SFTrainer | Epoch 1560 | total 24.0908 | rec_rna 3.2996 | rec_atac 6.3023 | clip 2.5807 | clip_weight 0.5000 | lr 1.00e-03 | best 24.0639
2026-03-30 13:02:47,414 | INFO | SFTrainer | Epoch 1570 | total 24.1150 | rec_rna 3.3051 | rec_atac 6.3232 | clip 2.5330 | clip_weight 0.5000 | lr 1.00e-03 | best 24.0471
2026-03-30 13:02:48,118 | INFO | SFTrainer | Epoch 1580 | total 24.1400 | rec_rna 3.3061 | rec_atac 6.3503 | clip 2.5182 | clip_weight 0.5000 | lr 1.00e-03 | best 24.0328
2026-03-30 13:02:48,841 | INFO | SFTrainer | Epoch 1590 | total 23.9349 | rec_rna 3.2773 | rec_atac 6.3246 | clip 2.4473 | clip_weight 0.5000 | lr 1.00e-03 | best 23.9349
2026-03-30 13:02:49,522 | INFO | SFTrainer | Epoch 1600 | total 24.0247 | rec_rna 3.3003 | rec_atac 6.3122 | clip 2.4217 | clip_weight 0.5000 | lr 1.00e-03 | best 23.9269
2026-03-30 13:02:50,292 | INFO | SFTrainer | Epoch 1610 | total 23.8718 | rec_rna 3.2717 | rec_atac 6.3350 | clip 2.3569 | clip_weight 0.5000 | lr 1.00e-03 | best 23.8718
2026-03-30 13:02:51,017 | INFO | SFTrainer | Epoch 1620 | total 23.8599 | rec_rna 3.2784 | rec_atac 6.3089 | clip 2.3183 | clip_weight 0.5000 | lr 1.00e-03 | best 23.8599
2026-03-30 13:02:51,700 | INFO | SFTrainer | Epoch 1630 | total 23.8661 | rec_rna 3.2840 | rec_atac 6.2863 | clip 2.3193 | clip_weight 0.5000 | lr 1.00e-03 | best 23.7427
2026-03-30 13:02:52,382 | INFO | SFTrainer | Epoch 1640 | total 23.7951 | rec_rna 3.2749 | rec_atac 6.2993 | clip 2.2427 | clip_weight 0.5000 | lr 1.00e-03 | best 23.7427
2026-03-30 13:02:53,052 | INFO | SFTrainer | Epoch 1650 | total 23.6947 | rec_rna 3.2713 | rec_atac 6.2504 | clip 2.1751 | clip_weight 0.5000 | lr 1.00e-03 | best 23.6704
2026-03-30 13:02:53,782 | INFO | SFTrainer | Epoch 1660 | total 23.7321 | rec_rna 3.2725 | rec_atac 6.2801 | clip 2.1787 | clip_weight 0.5000 | lr 1.00e-03 | best 23.6578
2026-03-30 13:02:54,433 | INFO | SFTrainer | Epoch 1670 | total 23.7162 | rec_rna 3.2756 | rec_atac 6.2790 | clip 2.1185 | clip_weight 0.5000 | lr 1.00e-03 | best 23.6578
2026-03-30 13:02:55,129 | INFO | SFTrainer | Epoch 1680 | total 23.7166 | rec_rna 3.2733 | rec_atac 6.2863 | clip 2.1277 | clip_weight 0.5000 | lr 1.00e-03 | best 23.6329
2026-03-30 13:02:55,823 | INFO | SFTrainer | Epoch 1690 | total 23.6944 | rec_rna 3.2733 | rec_atac 6.2910 | clip 2.0736 | clip_weight 0.5000 | lr 1.00e-03 | best 23.6292
2026-03-30 13:02:56,559 | INFO | SFTrainer | Epoch 1700 | total 23.6362 | rec_rna 3.2707 | rec_atac 6.2715 | clip 2.0222 | clip_weight 0.5000 | lr 1.00e-03 | best 23.6029
2026-03-30 13:02:57,344 | INFO | SFTrainer | Epoch 1710 | total 23.5569 | rec_rna 3.2632 | rec_atac 6.2366 | clip 2.0087 | clip_weight 0.5000 | lr 1.00e-03 | best 23.5062
2026-03-30 13:02:58,000 | INFO | SFTrainer | Epoch 1720 | total 23.5977 | rec_rna 3.2727 | rec_atac 6.2432 | clip 1.9823 | clip_weight 0.5000 | lr 1.00e-03 | best 23.5062
2026-03-30 13:02:58,729 | INFO | SFTrainer | Epoch 1730 | total 23.6120 | rec_rna 3.2726 | rec_atac 6.2715 | clip 1.9547 | clip_weight 0.5000 | lr 1.00e-03 | best 23.4578
2026-03-30 13:02:59,450 | INFO | SFTrainer | Epoch 1740 | total 23.6049 | rec_rna 3.2686 | rec_atac 6.2784 | clip 1.9672 | clip_weight 0.5000 | lr 1.00e-03 | best 23.4113
2026-03-30 13:03:00,152 | INFO | SFTrainer | Epoch 1750 | total 23.4583 | rec_rna 3.2564 | rec_atac 6.2406 | clip 1.8717 | clip_weight 0.5000 | lr 1.00e-03 | best 23.4010
2026-03-30 13:03:00,863 | INFO | SFTrainer | Epoch 1760 | total 23.3820 | rec_rna 3.2531 | rec_atac 6.2139 | clip 1.8051 | clip_weight 0.5000 | lr 1.00e-03 | best 23.3233
2026-03-30 13:03:01,557 | INFO | SFTrainer | Epoch 1770 | total 23.3172 | rec_rna 3.2384 | rec_atac 6.2528 | clip 1.7447 | clip_weight 0.5000 | lr 1.00e-03 | best 23.3172
2026-03-30 13:03:02,210 | INFO | SFTrainer | Epoch 1780 | total 23.3869 | rec_rna 3.2545 | rec_atac 6.2402 | clip 1.7482 | clip_weight 0.5000 | lr 1.00e-03 | best 23.3172
2026-03-30 13:03:02,942 | INFO | SFTrainer | Epoch 1790 | total 23.2997 | rec_rna 3.2422 | rec_atac 6.2227 | clip 1.7320 | clip_weight 0.5000 | lr 1.00e-03 | best 23.2526
2026-03-30 13:03:03,596 | INFO | SFTrainer | Epoch 1800 | total 23.4445 | rec_rna 3.2633 | rec_atac 6.2308 | clip 1.7944 | clip_weight 0.5000 | lr 1.00e-03 | best 23.2526
2026-03-30 13:03:04,322 | INFO | SFTrainer | Epoch 1810 | total 23.2636 | rec_rna 3.2371 | rec_atac 6.2402 | clip 1.6758 | clip_weight 0.5000 | lr 1.00e-03 | best 23.2022
2026-03-30 13:03:05,017 | INFO | SFTrainer | Epoch 1820 | total 23.2486 | rec_rna 3.2358 | rec_atac 6.2407 | clip 1.6578 | clip_weight 0.5000 | lr 1.00e-03 | best 23.1485
2026-03-30 13:03:05,677 | INFO | SFTrainer | Epoch 1830 | total 23.3348 | rec_rna 3.2517 | rec_atac 6.2310 | clip 1.6903 | clip_weight 0.5000 | lr 1.00e-03 | best 23.1485
2026-03-30 13:03:06,401 | INFO | SFTrainer | Epoch 1840 | total 23.1335 | rec_rna 3.2257 | rec_atac 6.1853 | clip 1.6391 | clip_weight 0.5000 | lr 1.00e-03 | best 23.1335
2026-03-30 13:03:07,084 | INFO | SFTrainer | Epoch 1850 | total 23.3340 | rec_rna 3.2523 | rec_atac 6.2505 | clip 1.6444 | clip_weight 0.5000 | lr 1.00e-03 | best 23.1230
2026-03-30 13:03:07,854 | INFO | SFTrainer | Epoch 1860 | total 23.1752 | rec_rna 3.2400 | rec_atac 6.1919 | clip 1.5671 | clip_weight 0.5000 | lr 1.00e-03 | best 23.1067
2026-03-30 13:03:08,590 | INFO | SFTrainer | Epoch 1870 | total 23.1060 | rec_rna 3.2312 | rec_atac 6.1885 | clip 1.5230 | clip_weight 0.5000 | lr 1.00e-03 | best 23.0517
2026-03-30 13:03:09,310 | INFO | SFTrainer | Epoch 1880 | total 23.0093 | rec_rna 3.2137 | rec_atac 6.1894 | clip 1.5034 | clip_weight 0.5000 | lr 1.00e-03 | best 23.0093
2026-03-30 13:03:09,972 | INFO | SFTrainer | Epoch 1890 | total 23.1283 | rec_rna 3.2316 | rec_atac 6.2146 | clip 1.5112 | clip_weight 0.5000 | lr 1.00e-03 | best 23.0093
2026-03-30 13:03:10,659 | INFO | SFTrainer | Epoch 1900 | total 23.0526 | rec_rna 3.2290 | rec_atac 6.1870 | clip 1.4416 | clip_weight 0.5000 | lr 1.00e-03 | best 22.9823
2026-03-30 13:03:11,375 | INFO | SFTrainer | Epoch 1910 | total 22.9781 | rec_rna 3.2218 | rec_atac 6.1516 | clip 1.4346 | clip_weight 0.5000 | lr 1.00e-03 | best 22.9323
2026-03-30 13:03:12,060 | INFO | SFTrainer | Epoch 1920 | total 22.9386 | rec_rna 3.2140 | rec_atac 6.1678 | clip 1.4012 | clip_weight 0.5000 | lr 1.00e-03 | best 22.9190
2026-03-30 13:03:12,718 | INFO | SFTrainer | Epoch 1930 | total 23.0086 | rec_rna 3.2276 | rec_atac 6.1504 | clip 1.4402 | clip_weight 0.5000 | lr 1.00e-03 | best 22.9190
2026-03-30 13:03:13,413 | INFO | SFTrainer | Epoch 1940 | total 22.9853 | rec_rna 3.2167 | rec_atac 6.1970 | clip 1.4100 | clip_weight 0.5000 | lr 1.00e-03 | best 22.8666
2026-03-30 13:03:14,069 | INFO | SFTrainer | Epoch 1950 | total 22.9185 | rec_rna 3.2129 | rec_atac 6.1589 | clip 1.3898 | clip_weight 0.5000 | lr 1.00e-03 | best 22.7776
2026-03-30 13:03:14,758 | INFO | SFTrainer | Epoch 1960 | total 22.9760 | rec_rna 3.2290 | rec_atac 6.1708 | clip 1.3208 | clip_weight 0.5000 | lr 1.00e-03 | best 22.7776
2026-03-30 13:03:15,430 | INFO | SFTrainer | Epoch 1970 | total 22.9105 | rec_rna 3.2167 | rec_atac 6.1510 | clip 1.3516 | clip_weight 0.5000 | lr 1.00e-03 | best 22.7776
2026-03-30 13:03:16,159 | INFO | SFTrainer | Epoch 1980 | total 22.7689 | rec_rna 3.1904 | rec_atac 6.1577 | clip 1.3181 | clip_weight 0.5000 | lr 1.00e-03 | best 22.7689
2026-03-30 13:03:16,834 | INFO | SFTrainer | Epoch 1990 | total 22.8521 | rec_rna 3.2049 | rec_atac 6.1798 | clip 1.2958 | clip_weight 0.5000 | lr 1.00e-03 | best 22.7323
2026-03-30 13:03:17,501 | INFO | SFTrainer | Epoch 2000 | total 22.8632 | rec_rna 3.2094 | rec_atac 6.1613 | clip 1.3097 | clip_weight 0.5000 | lr 1.00e-04 | best 22.6784
2026-03-30 13:03:18,188 | INFO | SFTrainer | Epoch 2010 | total 22.7218 | rec_rna 3.1861 | rec_atac 6.1495 | clip 1.2849 | clip_weight 0.4995 | lr 1.00e-04 | best 22.6784
2026-03-30 13:03:18,943 | INFO | SFTrainer | Epoch 2020 | total 22.6118 | rec_rna 3.1752 | rec_atac 6.0888 | clip 1.2986 | clip_weight 0.4980 | lr 1.00e-04 | best 22.5666
2026-03-30 13:03:19,714 | INFO | SFTrainer | Epoch 2030 | total 22.5616 | rec_rna 3.1687 | rec_atac 6.0821 | clip 1.2837 | clip_weight 0.4956 | lr 1.00e-04 | best 22.4821
2026-03-30 13:03:20,389 | INFO | SFTrainer | Epoch 2040 | total 22.4993 | rec_rna 3.1633 | rec_atac 6.0749 | clip 1.2352 | clip_weight 0.4921 | lr 1.00e-04 | best 22.4658
2026-03-30 13:03:21,091 | INFO | SFTrainer | Epoch 2050 | total 22.4728 | rec_rna 3.1632 | rec_atac 6.0550 | clip 1.2337 | clip_weight 0.4878 | lr 1.00e-04 | best 22.3456
2026-03-30 13:03:21,789 | INFO | SFTrainer | Epoch 2060 | total 22.4252 | rec_rna 3.1578 | rec_atac 6.0399 | clip 1.2360 | clip_weight 0.4824 | lr 1.00e-04 | best 22.3456
2026-03-30 13:03:22,416 | INFO | SFTrainer | Epoch 2070 | total 22.4033 | rec_rna 3.1517 | rec_atac 6.0670 | clip 1.2132 | clip_weight 0.4762 | lr 1.00e-04 | best 22.3456
2026-03-30 13:03:23,087 | INFO | SFTrainer | Epoch 2080 | total 22.3862 | rec_rna 3.1601 | rec_atac 6.0347 | clip 1.1751 | clip_weight 0.4691 | lr 1.00e-04 | best 22.2462
2026-03-30 13:03:23,730 | INFO | SFTrainer | Epoch 2090 | total 22.4658 | rec_rna 3.1675 | rec_atac 6.0603 | clip 1.2325 | clip_weight 0.4611 | lr 1.00e-04 | best 22.2462
2026-03-30 13:03:24,370 | INFO | SFTrainer | Epoch 2100 | total 22.2871 | rec_rna 3.1416 | rec_atac 6.0329 | clip 1.2074 | clip_weight 0.4523 | lr 1.00e-04 | best 22.2462
2026-03-30 13:03:25,085 | INFO | SFTrainer | Epoch 2110 | total 22.2447 | rec_rna 3.1321 | rec_atac 6.0371 | clip 1.2361 | clip_weight 0.4426 | lr 1.00e-04 | best 22.1895
2026-03-30 13:03:25,764 | INFO | SFTrainer | Epoch 2120 | total 22.3117 | rec_rna 3.1515 | rec_atac 6.0335 | clip 1.2045 | clip_weight 0.4322 | lr 1.00e-04 | best 22.1854
2026-03-30 13:03:26,441 | INFO | SFTrainer | Epoch 2130 | total 22.3057 | rec_rna 3.1492 | rec_atac 6.0598 | clip 1.1867 | clip_weight 0.4211 | lr 1.00e-04 | best 22.1609
2026-03-30 13:03:27,104 | INFO | SFTrainer | Epoch 2140 | total 22.2037 | rec_rna 3.1461 | rec_atac 6.0012 | clip 1.1530 | clip_weight 0.4094 | lr 1.00e-04 | best 22.1609
2026-03-30 13:03:27,792 | INFO | SFTrainer | Epoch 2150 | total 22.2790 | rec_rna 3.1518 | rec_atac 6.0653 | clip 1.1454 | clip_weight 0.3969 | lr 1.00e-04 | best 22.0778
2026-03-30 13:03:28,455 | INFO | SFTrainer | Epoch 2160 | total 22.1113 | rec_rna 3.1260 | rec_atac 6.0240 | clip 1.1908 | clip_weight 0.3840 | lr 1.00e-04 | best 22.0778
2026-03-30 13:03:29,099 | INFO | SFTrainer | Epoch 2170 | total 22.1420 | rec_rna 3.1382 | rec_atac 6.0166 | clip 1.1734 | clip_weight 0.3704 | lr 1.00e-04 | best 22.0778
2026-03-30 13:03:29,766 | INFO | SFTrainer | Epoch 2180 | total 22.1136 | rec_rna 3.1379 | rec_atac 6.0191 | clip 1.1359 | clip_weight 0.3564 | lr 1.00e-04 | best 22.0443
2026-03-30 13:03:30,410 | INFO | SFTrainer | Epoch 2190 | total 22.0916 | rec_rna 3.1326 | rec_atac 6.0181 | clip 1.1997 | clip_weight 0.3420 | lr 1.00e-04 | best 22.0443
2026-03-30 13:03:31,086 | INFO | SFTrainer | Epoch 2200 | total 22.1417 | rec_rna 3.1478 | rec_atac 6.0163 | clip 1.1804 | clip_weight 0.3273 | lr 1.00e-04 | best 22.0228
2026-03-30 13:03:31,830 | INFO | SFTrainer | Epoch 2210 | total 22.1054 | rec_rna 3.1381 | rec_atac 6.0478 | clip 1.1755 | clip_weight 0.3122 | lr 1.00e-04 | best 22.0092
2026-03-30 13:03:32,520 | INFO | SFTrainer | Epoch 2220 | total 22.1171 | rec_rna 3.1454 | rec_atac 6.0343 | clip 1.1982 | clip_weight 0.2968 | lr 1.00e-04 | best 21.9808
2026-03-30 13:03:33,189 | INFO | SFTrainer | Epoch 2230 | total 22.0697 | rec_rna 3.1384 | rec_atac 6.0349 | clip 1.2180 | clip_weight 0.2813 | lr 1.00e-04 | best 21.9543
2026-03-30 13:03:33,841 | INFO | SFTrainer | Epoch 2240 | total 21.9557 | rec_rna 3.1335 | rec_atac 5.9780 | clip 1.1674 | clip_weight 0.2657 | lr 1.00e-04 | best 21.9543
2026-03-30 13:03:34,558 | INFO | SFTrainer | Epoch 2250 | total 21.9948 | rec_rna 3.1437 | rec_atac 5.9842 | clip 1.1681 | clip_weight 0.2500 | lr 1.00e-04 | best 21.9328
2026-03-30 13:03:35,276 | INFO | SFTrainer | Epoch 2260 | total 21.9600 | rec_rna 3.1316 | rec_atac 6.0315 | clip 1.1548 | clip_weight 0.2343 | lr 1.00e-04 | best 21.9032
2026-03-30 13:03:35,958 | INFO | SFTrainer | Epoch 2270 | total 21.9379 | rec_rna 3.1330 | rec_atac 6.0106 | clip 1.1986 | clip_weight 0.2187 | lr 1.00e-04 | best 21.8806
2026-03-30 13:03:36,632 | INFO | SFTrainer | Epoch 2280 | total 21.9128 | rec_rna 3.1309 | rec_atac 6.0065 | clip 1.2404 | clip_weight 0.2032 | lr 1.00e-04 | best 21.8711
2026-03-30 13:03:37,358 | INFO | SFTrainer | Epoch 2290 | total 21.9204 | rec_rna 3.1386 | rec_atac 6.0066 | clip 1.1767 | clip_weight 0.1878 | lr 1.00e-04 | best 21.8301
2026-03-30 13:03:38,097 | INFO | SFTrainer | Epoch 2300 | total 21.8027 | rec_rna 3.1160 | rec_atac 6.0173 | clip 1.1884 | clip_weight 0.1727 | lr 1.00e-04 | best 21.8004
2026-03-30 13:03:38,800 | INFO | SFTrainer | Epoch 2310 | total 21.9189 | rec_rna 3.1434 | rec_atac 6.0029 | clip 1.2583 | clip_weight 0.1580 | lr 1.00e-04 | best 21.7915
2026-03-30 13:03:39,463 | INFO | SFTrainer | Epoch 2320 | total 21.8949 | rec_rna 3.1394 | rec_atac 6.0216 | clip 1.2269 | clip_weight 0.1436 | lr 1.00e-04 | best 21.7915
2026-03-30 13:03:40,169 | INFO | SFTrainer | Epoch 2330 | total 21.7024 | rec_rna 3.1168 | rec_atac 5.9640 | clip 1.1899 | clip_weight 0.1296 | lr 1.00e-04 | best 21.7024
2026-03-30 13:03:40,813 | INFO | SFTrainer | Epoch 2340 | total 21.7845 | rec_rna 3.1277 | rec_atac 6.0047 | clip 1.2200 | clip_weight 0.1160 | lr 1.00e-04 | best 21.7024
2026-03-30 13:03:41,462 | INFO | SFTrainer | Epoch 2350 | total 21.7028 | rec_rna 3.1121 | rec_atac 6.0117 | clip 1.2679 | clip_weight 0.1031 | lr 1.00e-04 | best 21.7024
2026-03-30 13:03:42,186 | INFO | SFTrainer | Epoch 2360 | total 21.6806 | rec_rna 3.1163 | rec_atac 5.9880 | clip 1.2236 | clip_weight 0.0906 | lr 1.00e-04 | best 21.6768
2026-03-30 13:03:42,904 | INFO | SFTrainer | Epoch 2370 | total 21.7453 | rec_rna 3.1265 | rec_atac 6.0149 | clip 1.2431 | clip_weight 0.0789 | lr 1.00e-04 | best 21.6485
2026-03-30 13:03:43,584 | INFO | SFTrainer | Epoch 2380 | total 21.6523 | rec_rna 3.1209 | rec_atac 5.9642 | clip 1.2349 | clip_weight 0.0678 | lr 1.00e-04 | best 21.6274
2026-03-30 13:03:44,222 | INFO | SFTrainer | Epoch 2390 | total 21.7114 | rec_rna 3.1289 | rec_atac 5.9954 | clip 1.2499 | clip_weight 0.0574 | lr 1.00e-04 | best 21.6274
2026-03-30 13:03:44,880 | INFO | SFTrainer | Epoch 2400 | total 21.6248 | rec_rna 3.1145 | rec_atac 5.9922 | clip 1.2555 | clip_weight 0.0477 | lr 1.00e-04 | best 21.6209
2026-03-30 13:03:45,621 | INFO | SFTrainer | Epoch 2410 | total 21.6855 | rec_rna 3.1302 | rec_atac 5.9864 | clip 1.2387 | clip_weight 0.0389 | lr 1.00e-04 | best 21.5874
2026-03-30 13:03:46,296 | INFO | SFTrainer | Epoch 2420 | total 21.6428 | rec_rna 3.1195 | rec_atac 6.0066 | clip 1.2513 | clip_weight 0.0309 | lr 1.00e-04 | best 21.5770
2026-03-30 13:03:46,932 | INFO | SFTrainer | Epoch 2430 | total 21.7133 | rec_rna 3.1380 | rec_atac 5.9926 | clip 1.2938 | clip_weight 0.0238 | lr 1.00e-04 | best 21.5770
2026-03-30 13:03:47,599 | INFO | SFTrainer | Epoch 2440 | total 21.6460 | rec_rna 3.1281 | rec_atac 5.9828 | clip 1.2816 | clip_weight 0.0176 | lr 1.00e-04 | best 21.5546
2026-03-30 13:03:48,273 | INFO | SFTrainer | Epoch 2450 | total 21.6320 | rec_rna 3.1187 | rec_atac 6.0227 | clip 1.2753 | clip_weight 0.0122 | lr 1.00e-04 | best 21.5486
2026-03-30 13:03:48,990 | INFO | SFTrainer | Epoch 2460 | total 21.6383 | rec_rna 3.1288 | rec_atac 5.9847 | clip 1.2622 | clip_weight 0.0079 | lr 1.00e-04 | best 21.4930
2026-03-30 13:03:49,648 | INFO | SFTrainer | Epoch 2470 | total 21.6512 | rec_rna 3.1351 | rec_atac 5.9699 | clip 1.3178 | clip_weight 0.0044 | lr 1.00e-04 | best 21.4930
2026-03-30 13:03:50,319 | INFO | SFTrainer | Epoch 2480 | total 21.5893 | rec_rna 3.1186 | rec_atac 5.9937 | clip 1.3156 | clip_weight 0.0020 | lr 1.00e-04 | best 21.4930
2026-03-30 13:03:50,957 | INFO | SFTrainer | Epoch 2490 | total 21.5696 | rec_rna 3.1098 | rec_atac 6.0198 | clip 1.2821 | clip_weight 0.0005 | lr 1.00e-04 | best 21.4930
2026-03-30 13:03:51,597 | INFO | SFTrainer | Epoch 2500 | total 21.5325 | rec_rna 3.1114 | rec_atac 5.9754 | clip 0.0000 | clip_weight 0.0000 | lr 1.00e-04 | best 21.4930
2026-03-30 13:03:52,242 | INFO | SFTrainer | Epoch 2510 | total 21.5999 | rec_rna 3.1200 | rec_atac 6.0002 | clip 0.0000 | clip_weight 0.0000 | lr 1.00e-04 | best 21.4930
2026-03-30 13:03:52,861 | INFO | SFTrainer | Epoch 2520 | total 21.6504 | rec_rna 3.1337 | rec_atac 5.9817 | clip 0.0000 | clip_weight 0.0000 | lr 1.00e-04 | best 21.4930
2026-03-30 13:03:53,530 | INFO | SFTrainer | Epoch 2530 | total 21.5261 | rec_rna 3.1143 | rec_atac 5.9547 | clip 0.0000 | clip_weight 0.0000 | lr 1.00e-04 | best 21.4785
2026-03-30 13:03:54,130 | INFO | SFTrainer | Epoch 2540 | total 21.5431 | rec_rna 3.1053 | rec_atac 6.0166 | clip 0.0000 | clip_weight 0.0000 | lr 1.00e-04 | best 21.4785
2026-03-30 13:03:54,781 | INFO | SFTrainer | Epoch 2550 | total 21.5373 | rec_rna 3.1132 | rec_atac 5.9711 | clip 0.0000 | clip_weight 0.0000 | lr 1.00e-04 | best 21.4764
2026-03-30 13:03:55,453 | INFO | SFTrainer | Epoch 2560 | total 21.6139 | rec_rna 3.1220 | rec_atac 6.0039 | clip 0.0000 | clip_weight 0.0000 | lr 1.00e-04 | best 21.3903
2026-03-30 13:03:56,063 | INFO | SFTrainer | Epoch 2570 | total 21.6490 | rec_rna 3.1273 | rec_atac 6.0122 | clip 0.0000 | clip_weight 0.0000 | lr 1.00e-04 | best 21.3903
2026-03-30 13:03:56,657 | INFO | SFTrainer | Epoch 2580 | total 21.5258 | rec_rna 3.1072 | rec_atac 5.9899 | clip 0.0000 | clip_weight 0.0000 | lr 1.00e-04 | best 21.3903
2026-03-30 13:03:57,268 | INFO | SFTrainer | Epoch 2590 | total 21.6041 | rec_rna 3.1228 | rec_atac 5.9902 | clip 0.0000 | clip_weight 0.0000 | lr 1.00e-04 | best 21.3903
2026-03-30 13:03:57,894 | INFO | SFTrainer | Epoch 2600 | total 21.4872 | rec_rna 3.1025 | rec_atac 5.9746 | clip 0.0000 | clip_weight 0.0000 | lr 1.00e-04 | best 21.3903
2026-03-30 13:03:58,551 | INFO | SFTrainer | Epoch 2610 | total 21.5602 | rec_rna 3.1178 | rec_atac 5.9711 | clip 0.0000 | clip_weight 0.0000 | lr 1.00e-04 | best 21.3903
2026-03-30 13:03:59,187 | INFO | SFTrainer | Epoch 2620 | total 21.4316 | rec_rna 3.0946 | rec_atac 5.9587 | clip 0.0000 | clip_weight 0.0000 | lr 1.00e-04 | best 21.3903
2026-03-30 13:03:59,810 | INFO | SFTrainer | Epoch 2630 | total 21.5739 | rec_rna 3.1161 | rec_atac 5.9935 | clip 0.0000 | clip_weight 0.0000 | lr 1.00e-04 | best 21.3903
2026-03-30 13:04:00,435 | INFO | SFTrainer | Epoch 2640 | total 21.4968 | rec_rna 3.1067 | rec_atac 5.9635 | clip 0.0000 | clip_weight 0.0000 | lr 1.00e-04 | best 21.3903
2026-03-30 13:04:01,042 | INFO | SFTrainer | Epoch 2650 | total 21.4901 | rec_rna 3.1056 | rec_atac 5.9620 | clip 0.0000 | clip_weight 0.0000 | lr 1.00e-04 | best 21.3903
2026-03-30 13:04:01,699 | INFO | SFTrainer | Epoch 2660 | total 21.5125 | rec_rna 3.1104 | rec_atac 5.9603 | clip 0.0000 | clip_weight 0.0000 | lr 1.00e-04 | best 21.3903
2026-03-30 13:04:02,304 | INFO | SFTrainer | Epoch 2670 | total 21.6164 | rec_rna 3.1245 | rec_atac 5.9940 | clip 0.0000 | clip_weight 0.0000 | lr 1.00e-04 | best 21.3903
2026-03-30 13:04:02,915 | INFO | SFTrainer | Epoch 2680 | total 21.5426 | rec_rna 3.1190 | rec_atac 5.9475 | clip 0.0000 | clip_weight 0.0000 | lr 1.00e-04 | best 21.3903
2026-03-30 13:04:03,517 | INFO | SFTrainer | Epoch 2690 | total 21.4820 | rec_rna 3.0965 | rec_atac 5.9994 | clip 0.0000 | clip_weight 0.0000 | lr 1.00e-04 | best 21.3903
2026-03-30 13:04:04,168 | INFO | SFTrainer | Epoch 2700 | total 21.5068 | rec_rna 3.1084 | rec_atac 5.9646 | clip 0.0000 | clip_weight 0.0000 | lr 1.00e-04 | best 21.3607
2026-03-30 13:04:04,793 | INFO | SFTrainer | Epoch 2710 | total 21.4509 | rec_rna 3.0985 | rec_atac 5.9585 | clip 0.0000 | clip_weight 0.0000 | lr 1.00e-04 | best 21.3607
2026-03-30 13:04:05,419 | INFO | SFTrainer | Epoch 2720 | total 21.4280 | rec_rna 3.0981 | rec_atac 5.9377 | clip 0.0000 | clip_weight 0.0000 | lr 1.00e-04 | best 21.3607
2026-03-30 13:04:06,011 | INFO | SFTrainer | Epoch 2730 | total 21.4720 | rec_rna 3.1079 | rec_atac 5.9325 | clip 0.0000 | clip_weight 0.0000 | lr 1.00e-04 | best 21.3607
2026-03-30 13:04:06,620 | INFO | SFTrainer | Epoch 2740 | total 21.4105 | rec_rna 3.0919 | rec_atac 5.9510 | clip 0.0000 | clip_weight 0.0000 | lr 1.00e-04 | best 21.3607
2026-03-30 13:04:07,214 | INFO | SFTrainer | Epoch 2750 | total 21.5229 | rec_rna 3.1130 | rec_atac 5.9581 | clip 0.0000 | clip_weight 0.0000 | lr 1.00e-04 | best 21.3607
2026-03-30 13:04:07,880 | INFO | SFTrainer | Epoch 2760 | total 21.5564 | rec_rna 3.1159 | rec_atac 5.9767 | clip 0.0000 | clip_weight 0.0000 | lr 1.00e-04 | best 21.3607
2026-03-30 13:04:08,478 | INFO | SFTrainer | Epoch 2770 | total 21.4693 | rec_rna 3.1035 | rec_atac 5.9518 | clip 0.0000 | clip_weight 0.0000 | lr 1.00e-04 | best 21.3607
2026-03-30 13:04:09,122 | INFO | SFTrainer | Epoch 2780 | total 21.4420 | rec_rna 3.0955 | rec_atac 5.9645 | clip 0.0000 | clip_weight 0.0000 | lr 1.00e-04 | best 21.3589
2026-03-30 13:04:09,741 | INFO | SFTrainer | Epoch 2790 | total 21.4430 | rec_rna 3.0993 | rec_atac 5.9463 | clip 0.0000 | clip_weight 0.0000 | lr 1.00e-04 | best 21.3589
2026-03-30 13:04:10,400 | INFO | SFTrainer | Epoch 2800 | total 21.5369 | rec_rna 3.1148 | rec_atac 5.9629 | clip 0.0000 | clip_weight 0.0000 | lr 1.00e-04 | best 21.3405
2026-03-30 13:04:11,049 | INFO | SFTrainer | Epoch 2810 | total 21.4832 | rec_rna 3.1001 | rec_atac 5.9828 | clip 0.0000 | clip_weight 0.0000 | lr 1.00e-04 | best 21.3405
2026-03-30 13:04:11,656 | INFO | SFTrainer | Epoch 2820 | total 21.4809 | rec_rna 3.1061 | rec_atac 5.9505 | clip 0.0000 | clip_weight 0.0000 | lr 1.00e-04 | best 21.3405
2026-03-30 13:04:12,267 | INFO | SFTrainer | Epoch 2830 | total 21.4528 | rec_rna 3.1016 | rec_atac 5.9448 | clip 0.0000 | clip_weight 0.0000 | lr 1.00e-04 | best 21.3405
2026-03-30 13:04:12,903 | INFO | SFTrainer | Epoch 2840 | total 21.4126 | rec_rna 3.0923 | rec_atac 5.9513 | clip 0.0000 | clip_weight 0.0000 | lr 1.00e-04 | best 21.3405
2026-03-30 13:04:13,519 | INFO | SFTrainer | Epoch 2850 | total 21.5023 | rec_rna 3.1027 | rec_atac 5.9889 | clip 0.0000 | clip_weight 0.0000 | lr 1.00e-04 | best 21.3405
2026-03-30 13:04:14,161 | INFO | SFTrainer | Epoch 2860 | total 21.3851 | rec_rna 3.0860 | rec_atac 5.9551 | clip 0.0000 | clip_weight 0.0000 | lr 1.00e-04 | best 21.3405
2026-03-30 13:04:14,780 | INFO | SFTrainer | Epoch 2870 | total 21.5008 | rec_rna 3.1046 | rec_atac 5.9778 | clip 0.0000 | clip_weight 0.0000 | lr 1.00e-04 | best 21.3405
2026-03-30 13:04:15,377 | INFO | SFTrainer | Epoch 2880 | total 21.4290 | rec_rna 3.0930 | rec_atac 5.9641 | clip 0.0000 | clip_weight 0.0000 | lr 1.00e-04 | best 21.3405
2026-03-30 13:04:15,984 | INFO | SFTrainer | Epoch 2890 | total 21.3824 | rec_rna 3.0907 | rec_atac 5.9288 | clip 0.0000 | clip_weight 0.0000 | lr 1.00e-04 | best 21.3405
2026-03-30 13:04:16,580 | INFO | SFTrainer | Epoch 2900 | total 21.4662 | rec_rna 3.0973 | rec_atac 5.9798 | clip 0.0000 | clip_weight 0.0000 | lr 1.00e-04 | best 21.3405
2026-03-30 13:04:17,231 | INFO | SFTrainer | Epoch 2910 | total 21.4297 | rec_rna 3.0923 | rec_atac 5.9680 | clip 0.0000 | clip_weight 0.0000 | lr 1.00e-04 | best 21.3405
2026-03-30 13:04:17,825 | INFO | SFTrainer | Epoch 2920 | total 21.4416 | rec_rna 3.0917 | rec_atac 5.9831 | clip 0.0000 | clip_weight 0.0000 | lr 1.00e-04 | best 21.3405
2026-03-30 13:04:18,438 | INFO | SFTrainer | Epoch 2930 | total 21.4389 | rec_rna 3.1035 | rec_atac 5.9215 | clip 0.0000 | clip_weight 0.0000 | lr 1.00e-04 | best 21.3405
2026-03-30 13:04:19,038 | INFO | SFTrainer | Epoch 2940 | total 21.3796 | rec_rna 3.0919 | rec_atac 5.9200 | clip 0.0000 | clip_weight 0.0000 | lr 1.00e-04 | best 21.3405
2026-03-30 13:04:19,699 | INFO | SFTrainer | Epoch 2950 | total 21.4046 | rec_rna 3.0860 | rec_atac 5.9744 | clip 0.0000 | clip_weight 0.0000 | lr 1.00e-04 | best 21.3405
2026-03-30 13:04:20,418 | INFO | SFTrainer | Epoch 2960 | total 21.4332 | rec_rna 3.0961 | rec_atac 5.9529 | clip 0.0000 | clip_weight 0.0000 | lr 1.00e-04 | best 21.3351
2026-03-30 13:04:21,105 | INFO | SFTrainer | Epoch 2970 | total 21.3504 | rec_rna 3.0893 | rec_atac 5.9040 | clip 0.0000 | clip_weight 0.0000 | lr 1.00e-04 | best 21.3238
2026-03-30 13:04:21,765 | INFO | SFTrainer | Epoch 2980 | total 21.4381 | rec_rna 3.1017 | rec_atac 5.9298 | clip 0.0000 | clip_weight 0.0000 | lr 1.00e-04 | best 21.3238
2026-03-30 13:04:22,383 | INFO | SFTrainer | Epoch 2990 | total 21.4933 | rec_rna 3.1034 | rec_atac 5.9764 | clip 0.0000 | clip_weight 0.0000 | lr 1.00e-04 | best 21.3238
2026-03-30 13:04:23,010 | INFO | SFTrainer | Epoch 3000 | total 21.4112 | rec_rna 3.0939 | rec_atac 5.9416 | clip 0.0000 | clip_weight 0.0000 | lr 1.00e-04 | best 21.3238
2026-03-30 13:04:23,049 | INFO | SFTrainer | Training finished. Best loss=21.3238
2026-03-30 13:04:23,050 | INFO | SFTrainer | Training run complete.
2026-03-30 13:04:24,531 | INFO | SFPipeline | Step done: Train
2026-03-30 13:04:24,532 | INFO | SFPipeline | Step start: Evaluate
2026-03-30 13:04:36,154 | INFO | SFEvaluate | [Phase 3] Evaluation started.
2026-03-30 13:04:36,154 | INFO | SFEvaluate | Loading processed data...
2026-03-30 13:04:36,426 | INFO | SFEvaluate | Initializing model...
2026-03-30 13:04:36,542 | INFO | SFEvaluate | Loading checkpoint: ckpt_best.pth
2026-03-30 13:04:36,589 | INFO | SFEvaluate | Inference running...
2026-03-30 13:04:37,205 | INFO | SFEvaluate | Latent shape: torch.Size([2129, 128])
2026-03-30 13:05:03,048 | INFO | SFEvaluate | Artifacts: ./results/misar/misar_e18-5-s1/figures/spatial_analysis.pdf | ./results/misar/misar_e18-5-s1/predictions/embedding_joint.h5ad
2026-03-30 13:05:03,048 | INFO | SFEvaluate | GT metrics | ARI=0.5323 | NMI=0.5955 | AMI=0.5881 | HOM=0.6360 | n_valid=2129
2026-03-30 13:05:03,049 | INFO | SFEvaluate | Evaluation complete.
2026-03-30 13:05:05,024 | INFO | SFPipeline | Step done: Evaluate
2026-03-30 13:05:05,024 | INFO | SFPipeline | Pipeline finished successfully.

========================================================================================
2026-03-30 13:05:41,106 | INFO | SFEvaluateRange | [Range Evaluate] Started. epochs=[1500, 1600, 1700, 1800, 1900, 2000, 2100, 2200, 2300, 2400, 2500, 2600, 2700, 2800, 2900, 3000]
2026-03-30 13:05:41,107 | INFO | SFEvaluateRange | Loading processed data...
2026-03-30 13:05:41,352 | INFO | SFEvaluateRange | Initializing model...
2026-03-30 13:05:41,466 | INFO | SFEvaluateRange | Evaluating epoch 1500 with ckpt_1500.pth
2026-03-30 13:06:07,795 | INFO | SFEvaluateRange | GT metrics (epoch_1500) | ARI=0.3640 | NMI=0.5671 | AMI=0.5594 | HOM=0.6255 | n_valid=2129
2026-03-30 13:06:07,795 | INFO | SFEvaluateRange | Artifacts (epoch_1500): ./results/misar/misar_e18-5-s1/figures/spatial_analysis_epoch_1500.pdf | ./results/misar/misar_e18-5-s1/predictions/embedding_joint_epoch_1500.h5ad
2026-03-30 13:06:07,796 | INFO | SFEvaluateRange | Evaluating epoch 1600 with ckpt_1600.pth
2026-03-30 13:06:26,531 | INFO | SFEvaluateRange | GT metrics (epoch_1600) | ARI=0.3922 | NMI=0.5760 | AMI=0.5685 | HOM=0.6303 | n_valid=2129
2026-03-30 13:06:26,531 | INFO | SFEvaluateRange | Artifacts (epoch_1600): ./results/misar/misar_e18-5-s1/figures/spatial_analysis_epoch_1600.pdf | ./results/misar/misar_e18-5-s1/predictions/embedding_joint_epoch_1600.h5ad
2026-03-30 13:06:26,532 | INFO | SFEvaluateRange | Evaluating epoch 1700 with ckpt_1700.pth
2026-03-30 13:06:41,198 | INFO | SFEvaluateRange | GT metrics (epoch_1700) | ARI=0.4204 | NMI=0.5826 | AMI=0.5752 | HOM=0.6372 | n_valid=2129
2026-03-30 13:06:41,199 | INFO | SFEvaluateRange | Artifacts (epoch_1700): ./results/misar/misar_e18-5-s1/figures/spatial_analysis_epoch_1700.pdf | ./results/misar/misar_e18-5-s1/predictions/embedding_joint_epoch_1700.h5ad
2026-03-30 13:06:41,199 | INFO | SFEvaluateRange | Evaluating epoch 1800 with ckpt_1800.pth
2026-03-30 13:06:55,427 | INFO | SFEvaluateRange | GT metrics (epoch_1800) | ARI=0.3714 | NMI=0.5766 | AMI=0.5690 | HOM=0.6329 | n_valid=2129
2026-03-30 13:06:55,428 | INFO | SFEvaluateRange | Artifacts (epoch_1800): ./results/misar/misar_e18-5-s1/figures/spatial_analysis_epoch_1800.pdf | ./results/misar/misar_e18-5-s1/predictions/embedding_joint_epoch_1800.h5ad
2026-03-30 13:06:55,428 | INFO | SFEvaluateRange | Evaluating epoch 1900 with ckpt_1900.pth
2026-03-30 13:07:14,793 | INFO | SFEvaluateRange | GT metrics (epoch_1900) | ARI=0.4443 | NMI=0.5689 | AMI=0.5611 | HOM=0.6175 | n_valid=2129
2026-03-30 13:07:14,794 | INFO | SFEvaluateRange | Artifacts (epoch_1900): ./results/misar/misar_e18-5-s1/figures/spatial_analysis_epoch_1900.pdf | ./results/misar/misar_e18-5-s1/predictions/embedding_joint_epoch_1900.h5ad
2026-03-30 13:07:14,795 | INFO | SFEvaluateRange | Evaluating epoch 2000 with ckpt_2000.pth
2026-03-30 13:07:30,677 | INFO | SFEvaluateRange | GT metrics (epoch_2000) | ARI=0.4532 | NMI=0.5624 | AMI=0.5545 | HOM=0.6084 | n_valid=2129
2026-03-30 13:07:30,678 | INFO | SFEvaluateRange | Artifacts (epoch_2000): ./results/misar/misar_e18-5-s1/figures/spatial_analysis_epoch_2000.pdf | ./results/misar/misar_e18-5-s1/predictions/embedding_joint_epoch_2000.h5ad
2026-03-30 13:07:30,678 | INFO | SFEvaluateRange | Evaluating epoch 2100 with ckpt_2100.pth
2026-03-30 13:07:48,625 | INFO | SFEvaluateRange | GT metrics (epoch_2100) | ARI=0.3685 | NMI=0.5601 | AMI=0.5523 | HOM=0.6168 | n_valid=2129
2026-03-30 13:07:48,626 | INFO | SFEvaluateRange | Artifacts (epoch_2100): ./results/misar/misar_e18-5-s1/figures/spatial_analysis_epoch_2100.pdf | ./results/misar/misar_e18-5-s1/predictions/embedding_joint_epoch_2100.h5ad
2026-03-30 13:07:48,626 | INFO | SFEvaluateRange | Evaluating epoch 2200 with ckpt_2200.pth
2026-03-30 13:08:02,810 | INFO | SFEvaluateRange | GT metrics (epoch_2200) | ARI=0.4459 | NMI=0.5836 | AMI=0.5760 | HOM=0.6287 | n_valid=2129
2026-03-30 13:08:02,811 | INFO | SFEvaluateRange | Artifacts (epoch_2200): ./results/misar/misar_e18-5-s1/figures/spatial_analysis_epoch_2200.pdf | ./results/misar/misar_e18-5-s1/predictions/embedding_joint_epoch_2200.h5ad
2026-03-30 13:08:02,811 | INFO | SFEvaluateRange | Evaluating epoch 2300 with ckpt_2300.pth
2026-03-30 13:08:17,887 | INFO | SFEvaluateRange | GT metrics (epoch_2300) | ARI=0.5341 | NMI=0.5920 | AMI=0.5846 | HOM=0.6353 | n_valid=2129
2026-03-30 13:08:17,888 | INFO | SFEvaluateRange | Artifacts (epoch_2300): ./results/misar/misar_e18-5-s1/figures/spatial_analysis_epoch_2300.pdf | ./results/misar/misar_e18-5-s1/predictions/embedding_joint_epoch_2300.h5ad
2026-03-30 13:08:17,888 | INFO | SFEvaluateRange | Evaluating epoch 2400 with ckpt_2400.pth
2026-03-30 13:08:35,627 | INFO | SFEvaluateRange | GT metrics (epoch_2400) | ARI=0.3717 | NMI=0.5654 | AMI=0.5576 | HOM=0.6226 | n_valid=2129
2026-03-30 13:08:35,628 | INFO | SFEvaluateRange | Artifacts (epoch_2400): ./results/misar/misar_e18-5-s1/figures/spatial_analysis_epoch_2400.pdf | ./results/misar/misar_e18-5-s1/predictions/embedding_joint_epoch_2400.h5ad
2026-03-30 13:08:35,628 | INFO | SFEvaluateRange | Evaluating epoch 2500 with ckpt_2500.pth
2026-03-30 13:08:54,280 | INFO | SFEvaluateRange | GT metrics (epoch_2500) | ARI=0.4332 | NMI=0.5680 | AMI=0.5602 | HOM=0.6158 | n_valid=2129
2026-03-30 13:08:54,281 | INFO | SFEvaluateRange | Artifacts (epoch_2500): ./results/misar/misar_e18-5-s1/figures/spatial_analysis_epoch_2500.pdf | ./results/misar/misar_e18-5-s1/predictions/embedding_joint_epoch_2500.h5ad
2026-03-30 13:08:54,281 | INFO | SFEvaluateRange | Evaluating epoch 2600 with ckpt_2600.pth
2026-03-30 13:09:14,107 | INFO | SFEvaluateRange | GT metrics (epoch_2600) | ARI=0.3729 | NMI=0.5628 | AMI=0.5550 | HOM=0.6206 | n_valid=2129
2026-03-30 13:09:14,107 | INFO | SFEvaluateRange | Artifacts (epoch_2600): ./results/misar/misar_e18-5-s1/figures/spatial_analysis_epoch_2600.pdf | ./results/misar/misar_e18-5-s1/predictions/embedding_joint_epoch_2600.h5ad
2026-03-30 13:09:14,107 | INFO | SFEvaluateRange | Evaluating epoch 2700 with ckpt_2700.pth
2026-03-30 13:09:32,269 | INFO | SFEvaluateRange | GT metrics (epoch_2700) | ARI=0.5065 | NMI=0.5873 | AMI=0.5798 | HOM=0.6332 | n_valid=2129
2026-03-30 13:09:32,270 | INFO | SFEvaluateRange | Artifacts (epoch_2700): ./results/misar/misar_e18-5-s1/figures/spatial_analysis_epoch_2700.pdf | ./results/misar/misar_e18-5-s1/predictions/embedding_joint_epoch_2700.h5ad
2026-03-30 13:09:32,270 | INFO | SFEvaluateRange | Evaluating epoch 2800 with ckpt_2800.pth
2026-03-30 13:09:48,308 | INFO | SFEvaluateRange | GT metrics (epoch_2800) | ARI=0.5293 | NMI=0.5950 | AMI=0.5876 | HOM=0.6358 | n_valid=2129
2026-03-30 13:09:48,309 | INFO | SFEvaluateRange | Artifacts (epoch_2800): ./results/misar/misar_e18-5-s1/figures/spatial_analysis_epoch_2800.pdf | ./results/misar/misar_e18-5-s1/predictions/embedding_joint_epoch_2800.h5ad
2026-03-30 13:09:48,310 | INFO | SFEvaluateRange | Evaluating epoch 2900 with ckpt_2900.pth
2026-03-30 13:10:03,914 | INFO | SFEvaluateRange | GT metrics (epoch_2900) | ARI=0.3804 | NMI=0.5615 | AMI=0.5537 | HOM=0.6181 | n_valid=2129
2026-03-30 13:10:03,914 | INFO | SFEvaluateRange | Artifacts (epoch_2900): ./results/misar/misar_e18-5-s1/figures/spatial_analysis_epoch_2900.pdf | ./results/misar/misar_e18-5-s1/predictions/embedding_joint_epoch_2900.h5ad
2026-03-30 13:10:03,915 | INFO | SFEvaluateRange | Evaluating epoch 3000 with ckpt_best.pth
2026-03-30 13:10:19,278 | INFO | SFEvaluateRange | GT metrics (epoch_3000_best) | ARI=0.5323 | NMI=0.5955 | AMI=0.5881 | HOM=0.6360 | n_valid=2129
2026-03-30 13:10:19,279 | INFO | SFEvaluateRange | Artifacts (epoch_3000_best): ./results/misar/misar_e18-5-s1/figures/spatial_analysis_epoch_3000_best.pdf | ./results/misar/misar_e18-5-s1/predictions/embedding_joint_epoch_3000_best.h5ad
2026-03-30 13:10:19,279 | INFO | SFEvaluateRange | Range evaluation complete. Success=16 | Failed/Skipped=0

========================================================================================
2026-03-30 13:12:04,878 | INFO | SFPipeline | Pipeline start: dataset=misar_e18-5-s1
2026-03-30 13:12:04,885 | INFO | SFPipeline | Config:
project:
  name: SF_MISAR_E18_5_S1_Analysis
  version: 1.0.0
  seed: 42
  save_dir: ./results/misar/misar_e18-5-s1/checkpoints/
  eval_dir: ./results/misar/misar_e18-5-s1/predictions/
eval:
  checkpoint: best
  n_clusters: 14
  mclust_pca_dim: 20
  resolution: 0.9
  moran_k: 6
  plotting:
    figure_dpi: 180
    figure_size:
    - 14
    - 6
    panel_size:
    - 6
    - 6
    umap_point_size: 60
    spatial_point_size: 80
    alpha: 1.0
    legend_loc: on data
    palette_mode: high_contrast
  checkpoints:
    best: ckpt_best.pth
    final: ckpt_300.pth
data:
  raw_path: data/raw/misar/misar_e18-5-s1
  processed_path: data/processed/misar/misar_e18-5-s1
  files:
    rna_h5ad: adata_RNA.h5ad
    atac_h5ad: adata_Peak.h5ad
    gtf: ../gencode.vM23.annotation.gtf.gz
  parameters:
    reduce:
      mode: cpu
      device: auto
      q_offset: 8
      niter: 3
    n_top_genes: 3000
    rna_pca_dim: 512
    rna_min_cells: 3
    rna_target_sum: 1e4
    n_global_peaks: 50000
    n_final_peaks: 30000
    atac_pca_dim: 512
    atac_min_cells: 50
    atac_target_sum: 1e4
    tfidf_eps: 1e-6
    tss_window: 150000
    knn_k: 6
    ground_truth_key: Combined_Clusters
model:
  name: SFNet
  rna_in_dim: 3000
  hidden_dim: 512
  rna_n_heads: 4
  rna_dropout: 0.1
  atac_dropout: 0.1
  n_heads: 4
  dropout: 0.1
  grid_size: 128
  latent_dim: 50
  sfib_dim: 128
  sfib_ino_layers: 2
  proj_hidden_dim: 64
  proj_output_dim: 64
  rna_dec_hidden: 512
  rna_dec_blocks: 1
  atac_dec_hidden: 512
  atac_dec_blocks: 1
  sfib_debug_mode: false
  model.sfib_debug_epochs:
  - 1
  - 10
  - 20
  model.sfib_debug_every_n_epochs: 20
train:
  epochs: 3000
  batch_size: 1
  learning_rate: 1e-3
  learning_rate_low: 1e-4
  lr_switch_epoch: 2000
  weight_decay: 1e-4
  lambda_rna: 5.0
  lambda_atac: 1.0
  lambda_clip: 0.5
  fade_start_epoch: 2000
  fade_end_epoch: 2500
  pos_weight_rna: 10.0
  pos_weight_atac: 20.0
  clip_temperature: 0.5
  save_every: 50
  device: cuda
  log_interval: 10
  log_tail_blank_lines: 5
  best_name: ckpt_best.pth

2026-03-30 13:12:04,885 | INFO | SFPipeline | Pipeline steps: ['Preprocess', 'Train', 'Evaluate']
2026-03-30 13:12:04,885 | INFO | SFPipeline | Step start: Preprocess
2026-03-30 13:12:09,324 | INFO | SFPreprocess | [Phase 1] Starting Data Preprocessing...
2026-03-30 13:12:09,324 | INFO | SFPreprocess | Loading raw data...
2026-03-30 13:12:09,324 | INFO | SFPreprocess | Data loader: paired h5ad
2026-03-30 13:12:47,616 | INFO | SFPreprocess | Aligned final cells: RNA=2129, ATAC=2129
2026-03-30 13:19:44,881 | INFO | SFPreprocess | Reduced shapes: RNA=(2129, 512), ATAC=(2129, 512)
2026-03-30 13:20:05,616 | INFO | SFPreprocess | Saving processed tensors...
2026-03-30 13:20:05,723 | INFO | SFPreprocess | Preprocessing complete: data/processed/misar/misar_e18-5-s1/processed_data.pt
2026-03-30 13:20:07,235 | INFO | SFPipeline | Step done: Preprocess
2026-03-30 13:20:07,235 | INFO | SFPipeline | Step start: Train
2026-03-30 13:20:13,004 | INFO | SFTrainer | [Phase 2] Starting Model Training...
2026-03-30 13:20:13,004 | INFO | SFTrainer | Loading processed data...
2026-03-30 13:20:13,035 | INFO | SFTrainer | Data ready: RNA=torch.Size([2129, 512]), ATAC=torch.Size([2129, 512]), edges=12774
2026-03-30 13:20:13,036 | INFO | SFTrainer | Initializing model...
2026-03-30 13:20:13,432 | INFO | SFTrainer | Training started.
2026-03-30 13:20:13,432 | INFO | SFTrainer | Training started: epochs=3000
2026-03-30 13:20:15,358 | INFO | SFTrainer | Epoch 010 | total 71.9789 | rec_rna 8.7368 | rec_atac 24.4698 | clip 7.6497 | clip_weight 0.5000 | lr 1.00e-03 | best 71.9789
2026-03-30 13:20:16,336 | INFO | SFTrainer | Epoch 020 | total 67.3759 | rec_rna 8.4563 | rec_atac 21.2942 | clip 7.6000 | clip_weight 0.5000 | lr 1.00e-03 | best 67.3759
2026-03-30 13:20:17,327 | INFO | SFTrainer | Epoch 030 | total 65.8297 | rec_rna 8.3722 | rec_atac 20.2336 | clip 7.4703 | clip_weight 0.5000 | lr 1.00e-03 | best 65.8297
2026-03-30 13:20:18,298 | INFO | SFTrainer | Epoch 040 | total 65.2102 | rec_rna 8.3088 | rec_atac 20.0375 | clip 7.2570 | clip_weight 0.5000 | lr 1.00e-03 | best 65.2102
2026-03-30 13:20:19,295 | INFO | SFTrainer | Epoch 050 | total 64.4090 | rec_rna 8.2396 | rec_atac 19.6773 | clip 7.0678 | clip_weight 0.5000 | lr 1.00e-03 | best 64.4090
2026-03-30 13:20:20,348 | INFO | SFTrainer | Epoch 060 | total 62.6999 | rec_rna 8.0981 | rec_atac 18.7490 | clip 6.9212 | clip_weight 0.5000 | lr 1.00e-03 | best 62.6999
2026-03-30 13:20:21,419 | INFO | SFTrainer | Epoch 070 | total 61.2892 | rec_rna 7.9797 | rec_atac 18.0008 | clip 6.7799 | clip_weight 0.5000 | lr 1.00e-03 | best 61.2892
2026-03-30 13:20:22,425 | INFO | SFTrainer | Epoch 080 | total 60.2266 | rec_rna 7.8931 | rec_atac 17.4103 | clip 6.7012 | clip_weight 0.5000 | lr 1.00e-03 | best 60.2266
2026-03-30 13:20:23,446 | INFO | SFTrainer | Epoch 090 | total 59.1896 | rec_rna 7.8078 | rec_atac 16.8542 | clip 6.5929 | clip_weight 0.5000 | lr 1.00e-03 | best 59.1896
2026-03-30 13:20:24,468 | INFO | SFTrainer | Epoch 100 | total 58.4170 | rec_rna 7.7275 | rec_atac 16.5135 | clip 6.5320 | clip_weight 0.5000 | lr 1.00e-03 | best 58.4170
2026-03-30 13:20:25,518 | INFO | SFTrainer | Epoch 110 | total 57.5359 | rec_rna 7.6221 | rec_atac 16.1946 | clip 6.4616 | clip_weight 0.5000 | lr 1.00e-03 | best 57.5359
2026-03-30 13:20:26,531 | INFO | SFTrainer | Epoch 120 | total 56.7831 | rec_rna 7.5079 | rec_atac 16.0317 | clip 6.4241 | clip_weight 0.5000 | lr 1.00e-03 | best 56.7831
2026-03-30 13:20:27,622 | INFO | SFTrainer | Epoch 130 | total 55.8898 | rec_rna 7.3756 | rec_atac 15.8189 | clip 6.3863 | clip_weight 0.5000 | lr 1.00e-03 | best 55.8898
2026-03-30 13:20:28,710 | INFO | SFTrainer | Epoch 140 | total 54.9903 | rec_rna 7.2347 | rec_atac 15.6453 | clip 6.3428 | clip_weight 0.5000 | lr 1.00e-03 | best 54.9903
2026-03-30 13:20:29,788 | INFO | SFTrainer | Epoch 150 | total 54.1366 | rec_rna 7.0952 | rec_atac 15.5025 | clip 6.3161 | clip_weight 0.5000 | lr 1.00e-03 | best 54.1366
2026-03-30 13:20:31,002 | INFO | SFTrainer | Epoch 160 | total 53.2863 | rec_rna 6.9569 | rec_atac 15.3622 | clip 6.2794 | clip_weight 0.5000 | lr 1.00e-03 | best 53.2863
2026-03-30 13:20:32,079 | INFO | SFTrainer | Epoch 170 | total 52.4730 | rec_rna 6.8261 | rec_atac 15.2052 | clip 6.2745 | clip_weight 0.5000 | lr 1.00e-03 | best 52.4730
2026-03-30 13:20:33,111 | INFO | SFTrainer | Epoch 180 | total 51.6124 | rec_rna 6.6974 | rec_atac 15.0040 | clip 6.2426 | clip_weight 0.5000 | lr 1.00e-03 | best 51.6124
2026-03-30 13:20:34,100 | INFO | SFTrainer | Epoch 190 | total 50.8250 | rec_rna 6.5686 | rec_atac 14.8694 | clip 6.2254 | clip_weight 0.5000 | lr 1.00e-03 | best 50.8250
2026-03-30 13:20:35,159 | INFO | SFTrainer | Epoch 200 | total 50.0526 | rec_rna 6.4473 | rec_atac 14.7115 | clip 6.2086 | clip_weight 0.5000 | lr 1.00e-03 | best 50.0526
2026-03-30 13:20:36,243 | INFO | SFTrainer | Epoch 210 | total 49.2682 | rec_rna 6.3242 | rec_atac 14.5622 | clip 6.1697 | clip_weight 0.5000 | lr 1.00e-03 | best 49.2682
2026-03-30 13:20:37,306 | INFO | SFTrainer | Epoch 220 | total 48.5182 | rec_rna 6.2098 | rec_atac 14.3967 | clip 6.1449 | clip_weight 0.5000 | lr 1.00e-03 | best 48.5182
2026-03-30 13:20:38,399 | INFO | SFTrainer | Epoch 230 | total 47.8280 | rec_rna 6.1020 | rec_atac 14.2507 | clip 6.1348 | clip_weight 0.5000 | lr 1.00e-03 | best 47.8280
2026-03-30 13:20:39,400 | INFO | SFTrainer | Epoch 240 | total 47.1466 | rec_rna 5.9973 | rec_atac 14.1131 | clip 6.0943 | clip_weight 0.5000 | lr 1.00e-03 | best 47.1466
2026-03-30 13:20:40,335 | INFO | SFTrainer | Epoch 250 | total 46.4416 | rec_rna 5.8952 | rec_atac 13.9246 | clip 6.0818 | clip_weight 0.5000 | lr 1.00e-03 | best 46.4416
2026-03-30 13:20:41,355 | INFO | SFTrainer | Epoch 260 | total 45.7590 | rec_rna 5.7915 | rec_atac 13.7706 | clip 6.0617 | clip_weight 0.5000 | lr 1.00e-03 | best 45.7590
2026-03-30 13:20:42,298 | INFO | SFTrainer | Epoch 270 | total 45.1516 | rec_rna 5.7046 | rec_atac 13.6076 | clip 6.0419 | clip_weight 0.5000 | lr 1.00e-03 | best 45.1516
2026-03-30 13:20:43,240 | INFO | SFTrainer | Epoch 280 | total 44.4602 | rec_rna 5.6029 | rec_atac 13.4333 | clip 6.0249 | clip_weight 0.5000 | lr 1.00e-03 | best 44.4602
2026-03-30 13:20:44,307 | INFO | SFTrainer | Epoch 290 | total 43.7979 | rec_rna 5.5138 | rec_atac 13.2328 | clip 5.9922 | clip_weight 0.5000 | lr 1.00e-03 | best 43.7979
2026-03-30 13:20:45,280 | INFO | SFTrainer | Epoch 300 | total 43.1987 | rec_rna 5.4274 | rec_atac 13.0810 | clip 5.9614 | clip_weight 0.5000 | lr 1.00e-03 | best 43.1755
2026-03-30 13:20:46,368 | INFO | SFTrainer | Epoch 310 | total 42.5596 | rec_rna 5.3397 | rec_atac 12.8810 | clip 5.9603 | clip_weight 0.5000 | lr 1.00e-03 | best 42.5596
2026-03-30 13:20:47,414 | INFO | SFTrainer | Epoch 320 | total 41.9686 | rec_rna 5.2659 | rec_atac 12.6795 | clip 5.9192 | clip_weight 0.5000 | lr 1.00e-03 | best 41.9686
2026-03-30 13:20:48,426 | INFO | SFTrainer | Epoch 330 | total 41.3786 | rec_rna 5.1855 | rec_atac 12.4915 | clip 5.9190 | clip_weight 0.5000 | lr 1.00e-03 | best 41.3786
2026-03-30 13:20:49,388 | INFO | SFTrainer | Epoch 340 | total 40.8547 | rec_rna 5.1143 | rec_atac 12.3300 | clip 5.9067 | clip_weight 0.5000 | lr 1.00e-03 | best 40.8547
2026-03-30 13:20:50,375 | INFO | SFTrainer | Epoch 350 | total 40.3297 | rec_rna 5.0522 | rec_atac 12.1286 | clip 5.8798 | clip_weight 0.5000 | lr 1.00e-03 | best 40.3297
2026-03-30 13:20:51,466 | INFO | SFTrainer | Epoch 360 | total 39.7100 | rec_rna 4.9743 | rec_atac 11.9257 | clip 5.8250 | clip_weight 0.5000 | lr 1.00e-03 | best 39.7100
2026-03-30 13:20:52,455 | INFO | SFTrainer | Epoch 370 | total 39.2683 | rec_rna 4.9180 | rec_atac 11.7695 | clip 5.8176 | clip_weight 0.5000 | lr 1.00e-03 | best 39.2683
2026-03-30 13:20:53,454 | INFO | SFTrainer | Epoch 380 | total 38.8364 | rec_rna 4.8700 | rec_atac 11.5886 | clip 5.7960 | clip_weight 0.5000 | lr 1.00e-03 | best 38.8364
2026-03-30 13:20:54,346 | INFO | SFTrainer | Epoch 390 | total 38.3549 | rec_rna 4.8121 | rec_atac 11.4098 | clip 5.7697 | clip_weight 0.5000 | lr 1.00e-03 | best 38.3409
2026-03-30 13:20:55,263 | INFO | SFTrainer | Epoch 400 | total 37.8612 | rec_rna 4.7492 | rec_atac 11.2327 | clip 5.7651 | clip_weight 0.5000 | lr 1.00e-03 | best 37.8612
2026-03-30 13:20:56,238 | INFO | SFTrainer | Epoch 410 | total 37.5227 | rec_rna 4.7150 | rec_atac 11.0719 | clip 5.7512 | clip_weight 0.5000 | lr 1.00e-03 | best 37.5033
2026-03-30 13:20:57,120 | INFO | SFTrainer | Epoch 420 | total 37.1327 | rec_rna 4.6685 | rec_atac 10.9310 | clip 5.7187 | clip_weight 0.5000 | lr 1.00e-03 | best 37.1182
2026-03-30 13:20:58,123 | INFO | SFTrainer | Epoch 430 | total 36.6263 | rec_rna 4.6045 | rec_atac 10.7643 | clip 5.6787 | clip_weight 0.5000 | lr 1.00e-03 | best 36.6263
2026-03-30 13:20:58,965 | INFO | SFTrainer | Epoch 440 | total 36.2759 | rec_rna 4.5639 | rec_atac 10.6255 | clip 5.6612 | clip_weight 0.5000 | lr 1.00e-03 | best 36.2233
2026-03-30 13:20:59,827 | INFO | SFTrainer | Epoch 450 | total 35.9209 | rec_rna 4.5245 | rec_atac 10.4701 | clip 5.6569 | clip_weight 0.5000 | lr 1.00e-03 | best 35.9209
2026-03-30 13:21:00,758 | INFO | SFTrainer | Epoch 460 | total 35.5403 | rec_rna 4.4802 | rec_atac 10.3212 | clip 5.6366 | clip_weight 0.5000 | lr 1.00e-03 | best 35.5403
2026-03-30 13:21:01,684 | INFO | SFTrainer | Epoch 470 | total 35.2334 | rec_rna 4.4440 | rec_atac 10.2068 | clip 5.6131 | clip_weight 0.5000 | lr 1.00e-03 | best 35.2334
2026-03-30 13:21:02,564 | INFO | SFTrainer | Epoch 480 | total 34.9695 | rec_rna 4.4153 | rec_atac 10.0957 | clip 5.5942 | clip_weight 0.5000 | lr 1.00e-03 | best 34.8844
2026-03-30 13:21:03,470 | INFO | SFTrainer | Epoch 490 | total 34.6394 | rec_rna 4.3813 | rec_atac 9.9569 | clip 5.5519 | clip_weight 0.5000 | lr 1.00e-03 | best 34.6276
2026-03-30 13:21:04,344 | INFO | SFTrainer | Epoch 500 | total 34.2011 | rec_rna 4.3275 | rec_atac 9.8019 | clip 5.5234 | clip_weight 0.5000 | lr 1.00e-03 | best 34.2011
2026-03-30 13:21:05,197 | INFO | SFTrainer | Epoch 510 | total 34.0328 | rec_rna 4.3112 | rec_atac 9.7287 | clip 5.4957 | clip_weight 0.5000 | lr 1.00e-03 | best 33.9866
2026-03-30 13:21:06,020 | INFO | SFTrainer | Epoch 520 | total 33.7043 | rec_rna 4.2661 | rec_atac 9.6255 | clip 5.4967 | clip_weight 0.5000 | lr 1.00e-03 | best 33.7043
2026-03-30 13:21:06,903 | INFO | SFTrainer | Epoch 530 | total 33.3936 | rec_rna 4.2309 | rec_atac 9.5105 | clip 5.4569 | clip_weight 0.5000 | lr 1.00e-03 | best 33.3936
2026-03-30 13:21:07,717 | INFO | SFTrainer | Epoch 540 | total 33.2100 | rec_rna 4.2165 | rec_atac 9.4070 | clip 5.4409 | clip_weight 0.5000 | lr 1.00e-03 | best 33.2100
2026-03-30 13:21:08,538 | INFO | SFTrainer | Epoch 550 | total 33.0091 | rec_rna 4.1915 | rec_atac 9.3350 | clip 5.4337 | clip_weight 0.5000 | lr 1.00e-03 | best 32.9872
2026-03-30 13:21:09,494 | INFO | SFTrainer | Epoch 560 | total 32.8184 | rec_rna 4.1724 | rec_atac 9.2487 | clip 5.4154 | clip_weight 0.5000 | lr 1.00e-03 | best 32.7330
2026-03-30 13:21:10,369 | INFO | SFTrainer | Epoch 570 | total 32.5655 | rec_rna 4.1445 | rec_atac 9.1617 | clip 5.3625 | clip_weight 0.5000 | lr 1.00e-03 | best 32.5473
2026-03-30 13:21:11,237 | INFO | SFTrainer | Epoch 580 | total 32.4076 | rec_rna 4.1347 | rec_atac 9.0564 | clip 5.3554 | clip_weight 0.5000 | lr 1.00e-03 | best 32.3068
2026-03-30 13:21:12,111 | INFO | SFTrainer | Epoch 590 | total 32.0899 | rec_rna 4.0884 | rec_atac 8.9797 | clip 5.3365 | clip_weight 0.5000 | lr 1.00e-03 | best 32.0899
2026-03-30 13:21:12,955 | INFO | SFTrainer | Epoch 600 | total 31.9022 | rec_rna 4.0682 | rec_atac 8.9128 | clip 5.2963 | clip_weight 0.5000 | lr 1.00e-03 | best 31.9022
2026-03-30 13:21:13,804 | INFO | SFTrainer | Epoch 610 | total 31.8037 | rec_rna 4.0679 | rec_atac 8.8245 | clip 5.2794 | clip_weight 0.5000 | lr 1.00e-03 | best 31.7118
2026-03-30 13:21:14,631 | INFO | SFTrainer | Epoch 620 | total 31.6125 | rec_rna 4.0410 | rec_atac 8.7876 | clip 5.2395 | clip_weight 0.5000 | lr 1.00e-03 | best 31.5857
2026-03-30 13:21:15,483 | INFO | SFTrainer | Epoch 630 | total 31.4324 | rec_rna 4.0203 | rec_atac 8.7212 | clip 5.2194 | clip_weight 0.5000 | lr 1.00e-03 | best 31.3933
2026-03-30 13:21:16,260 | INFO | SFTrainer | Epoch 640 | total 31.1964 | rec_rna 3.9875 | rec_atac 8.6559 | clip 5.2065 | clip_weight 0.5000 | lr 1.00e-03 | best 31.1964
2026-03-30 13:21:17,160 | INFO | SFTrainer | Epoch 650 | total 31.0696 | rec_rna 3.9750 | rec_atac 8.5985 | clip 5.1923 | clip_weight 0.5000 | lr 1.00e-03 | best 30.9688
2026-03-30 13:21:17,948 | INFO | SFTrainer | Epoch 660 | total 30.9558 | rec_rna 3.9606 | rec_atac 8.5806 | clip 5.1445 | clip_weight 0.5000 | lr 1.00e-03 | best 30.8756
2026-03-30 13:21:18,728 | INFO | SFTrainer | Epoch 670 | total 30.6835 | rec_rna 3.9303 | rec_atac 8.4674 | clip 5.1290 | clip_weight 0.5000 | lr 1.00e-03 | best 30.6835
2026-03-30 13:21:19,592 | INFO | SFTrainer | Epoch 680 | total 30.5661 | rec_rna 3.9182 | rec_atac 8.4337 | clip 5.0823 | clip_weight 0.5000 | lr 1.00e-03 | best 30.5661
2026-03-30 13:21:20,372 | INFO | SFTrainer | Epoch 690 | total 30.4473 | rec_rna 3.9085 | rec_atac 8.3647 | clip 5.0801 | clip_weight 0.5000 | lr 1.00e-03 | best 30.4473
2026-03-30 13:21:21,234 | INFO | SFTrainer | Epoch 700 | total 30.3494 | rec_rna 3.8966 | rec_atac 8.3332 | clip 5.0667 | clip_weight 0.5000 | lr 1.00e-03 | best 30.3422
2026-03-30 13:21:22,079 | INFO | SFTrainer | Epoch 710 | total 30.1912 | rec_rna 3.8833 | rec_atac 8.2690 | clip 5.0115 | clip_weight 0.5000 | lr 1.00e-03 | best 30.1510
2026-03-30 13:21:22,912 | INFO | SFTrainer | Epoch 720 | total 30.0067 | rec_rna 3.8608 | rec_atac 8.2178 | clip 4.9694 | clip_weight 0.5000 | lr 1.00e-03 | best 29.9767
2026-03-30 13:21:23,723 | INFO | SFTrainer | Epoch 730 | total 29.7942 | rec_rna 3.8308 | rec_atac 8.1604 | clip 4.9597 | clip_weight 0.5000 | lr 1.00e-03 | best 29.7942
2026-03-30 13:21:24,473 | INFO | SFTrainer | Epoch 740 | total 29.7926 | rec_rna 3.8379 | rec_atac 8.1356 | clip 4.9351 | clip_weight 0.5000 | lr 1.00e-03 | best 29.7485
2026-03-30 13:21:25,198 | INFO | SFTrainer | Epoch 750 | total 29.6564 | rec_rna 3.8190 | rec_atac 8.1031 | clip 4.9165 | clip_weight 0.5000 | lr 1.00e-03 | best 29.6496
2026-03-30 13:21:25,995 | INFO | SFTrainer | Epoch 760 | total 29.5246 | rec_rna 3.8031 | rec_atac 8.0676 | clip 4.8832 | clip_weight 0.5000 | lr 1.00e-03 | best 29.4668
2026-03-30 13:21:26,736 | INFO | SFTrainer | Epoch 770 | total 29.3984 | rec_rna 3.7910 | rec_atac 8.0088 | clip 4.8691 | clip_weight 0.5000 | lr 1.00e-03 | best 29.3890
2026-03-30 13:21:27,530 | INFO | SFTrainer | Epoch 780 | total 29.2256 | rec_rna 3.7741 | rec_atac 7.9513 | clip 4.8077 | clip_weight 0.5000 | lr 1.00e-03 | best 29.2256
2026-03-30 13:21:28,320 | INFO | SFTrainer | Epoch 790 | total 29.1984 | rec_rna 3.7733 | rec_atac 7.9294 | clip 4.8051 | clip_weight 0.5000 | lr 1.00e-03 | best 29.1603
2026-03-30 13:21:29,143 | INFO | SFTrainer | Epoch 800 | total 29.1371 | rec_rna 3.7684 | rec_atac 7.9060 | clip 4.7781 | clip_weight 0.5000 | lr 1.00e-03 | best 29.1091
2026-03-30 13:21:29,986 | INFO | SFTrainer | Epoch 810 | total 28.9161 | rec_rna 3.7357 | rec_atac 7.8696 | clip 4.7358 | clip_weight 0.5000 | lr 1.00e-03 | best 28.9161
2026-03-30 13:21:30,708 | INFO | SFTrainer | Epoch 820 | total 28.9173 | rec_rna 3.7466 | rec_atac 7.8354 | clip 4.6980 | clip_weight 0.5000 | lr 1.00e-03 | best 28.8862
2026-03-30 13:21:31,489 | INFO | SFTrainer | Epoch 830 | total 28.7943 | rec_rna 3.7287 | rec_atac 7.8032 | clip 4.6949 | clip_weight 0.5000 | lr 1.00e-03 | best 28.7770
2026-03-30 13:21:32,265 | INFO | SFTrainer | Epoch 840 | total 28.6620 | rec_rna 3.7117 | rec_atac 7.7767 | clip 4.6531 | clip_weight 0.5000 | lr 1.00e-03 | best 28.6620
2026-03-30 13:21:33,073 | INFO | SFTrainer | Epoch 850 | total 28.5423 | rec_rna 3.6984 | rec_atac 7.7314 | clip 4.6377 | clip_weight 0.5000 | lr 1.00e-03 | best 28.5423
2026-03-30 13:21:33,894 | INFO | SFTrainer | Epoch 860 | total 28.4791 | rec_rna 3.6948 | rec_atac 7.7147 | clip 4.5806 | clip_weight 0.5000 | lr 1.00e-03 | best 28.4035
2026-03-30 13:21:34,628 | INFO | SFTrainer | Epoch 870 | total 28.4500 | rec_rna 3.6869 | rec_atac 7.7141 | clip 4.6029 | clip_weight 0.5000 | lr 1.00e-03 | best 28.3935
2026-03-30 13:21:35,415 | INFO | SFTrainer | Epoch 880 | total 28.2588 | rec_rna 3.6688 | rec_atac 7.6489 | clip 4.5315 | clip_weight 0.5000 | lr 1.00e-03 | best 28.2588
2026-03-30 13:21:36,160 | INFO | SFTrainer | Epoch 890 | total 28.2174 | rec_rna 3.6675 | rec_atac 7.6303 | clip 4.4994 | clip_weight 0.5000 | lr 1.00e-03 | best 28.2153
2026-03-30 13:21:37,049 | INFO | SFTrainer | Epoch 900 | total 28.1084 | rec_rna 3.6476 | rec_atac 7.6257 | clip 4.4892 | clip_weight 0.5000 | lr 1.00e-03 | best 28.1084
2026-03-30 13:21:37,867 | INFO | SFTrainer | Epoch 910 | total 28.0330 | rec_rna 3.6370 | rec_atac 7.6155 | clip 4.4645 | clip_weight 0.5000 | lr 1.00e-03 | best 28.0330
2026-03-30 13:21:38,648 | INFO | SFTrainer | Epoch 920 | total 27.9680 | rec_rna 3.6395 | rec_atac 7.5463 | clip 4.4483 | clip_weight 0.5000 | lr 1.00e-03 | best 27.8845
2026-03-30 13:21:39,366 | INFO | SFTrainer | Epoch 930 | total 27.8652 | rec_rna 3.6298 | rec_atac 7.5152 | clip 4.4020 | clip_weight 0.5000 | lr 1.00e-03 | best 27.7817
2026-03-30 13:21:40,036 | INFO | SFTrainer | Epoch 940 | total 27.7484 | rec_rna 3.6180 | rec_atac 7.4921 | clip 4.3320 | clip_weight 0.5000 | lr 1.00e-03 | best 27.7399
2026-03-30 13:21:40,785 | INFO | SFTrainer | Epoch 950 | total 27.7478 | rec_rna 3.6148 | rec_atac 7.4873 | clip 4.3730 | clip_weight 0.5000 | lr 1.00e-03 | best 27.6583
2026-03-30 13:21:41,508 | INFO | SFTrainer | Epoch 960 | total 27.6494 | rec_rna 3.6060 | rec_atac 7.4676 | clip 4.3035 | clip_weight 0.5000 | lr 1.00e-03 | best 27.5686
2026-03-30 13:21:42,249 | INFO | SFTrainer | Epoch 970 | total 27.5054 | rec_rna 3.5939 | rec_atac 7.4063 | clip 4.2589 | clip_weight 0.5000 | lr 1.00e-03 | best 27.4947
2026-03-30 13:21:42,926 | INFO | SFTrainer | Epoch 980 | total 27.4632 | rec_rna 3.5894 | rec_atac 7.3962 | clip 4.2396 | clip_weight 0.5000 | lr 1.00e-03 | best 27.4632
2026-03-30 13:21:43,644 | INFO | SFTrainer | Epoch 990 | total 27.4200 | rec_rna 3.5817 | rec_atac 7.3975 | clip 4.2277 | clip_weight 0.5000 | lr 1.00e-03 | best 27.3793
2026-03-30 13:21:44,390 | INFO | SFTrainer | Epoch 1000 | total 27.3604 | rec_rna 3.5804 | rec_atac 7.3607 | clip 4.1951 | clip_weight 0.5000 | lr 1.00e-03 | best 27.3192
2026-03-30 13:21:45,154 | INFO | SFTrainer | Epoch 1010 | total 27.3417 | rec_rna 3.5773 | rec_atac 7.3768 | clip 4.1569 | clip_weight 0.5000 | lr 1.00e-03 | best 27.2491
2026-03-30 13:21:45,926 | INFO | SFTrainer | Epoch 1020 | total 27.3422 | rec_rna 3.5804 | rec_atac 7.3721 | clip 4.1359 | clip_weight 0.5000 | lr 1.00e-03 | best 27.1456
2026-03-30 13:21:46,713 | INFO | SFTrainer | Epoch 1030 | total 27.1355 | rec_rna 3.5569 | rec_atac 7.3143 | clip 4.0732 | clip_weight 0.5000 | lr 1.00e-03 | best 27.0361
2026-03-30 13:21:47,402 | INFO | SFTrainer | Epoch 1040 | total 27.0693 | rec_rna 3.5495 | rec_atac 7.2847 | clip 4.0740 | clip_weight 0.5000 | lr 1.00e-03 | best 27.0361
2026-03-30 13:21:48,192 | INFO | SFTrainer | Epoch 1050 | total 26.9253 | rec_rna 3.5275 | rec_atac 7.2749 | clip 4.0254 | clip_weight 0.5000 | lr 1.00e-03 | best 26.9253
2026-03-30 13:21:48,963 | INFO | SFTrainer | Epoch 1060 | total 26.9149 | rec_rna 3.5371 | rec_atac 7.2244 | clip 4.0100 | clip_weight 0.5000 | lr 1.00e-03 | best 26.8525
2026-03-30 13:21:49,710 | INFO | SFTrainer | Epoch 1070 | total 26.8379 | rec_rna 3.5292 | rec_atac 7.2019 | clip 3.9803 | clip_weight 0.5000 | lr 1.00e-03 | best 26.7915
2026-03-30 13:21:50,406 | INFO | SFTrainer | Epoch 1080 | total 26.8460 | rec_rna 3.5280 | rec_atac 7.2381 | clip 3.9362 | clip_weight 0.5000 | lr 1.00e-03 | best 26.7661
2026-03-30 13:21:51,110 | INFO | SFTrainer | Epoch 1090 | total 26.7390 | rec_rna 3.5151 | rec_atac 7.2175 | clip 3.8921 | clip_weight 0.5000 | lr 1.00e-03 | best 26.6808
2026-03-30 13:21:51,782 | INFO | SFTrainer | Epoch 1100 | total 26.7753 | rec_rna 3.5255 | rec_atac 7.2127 | clip 3.8700 | clip_weight 0.5000 | lr 1.00e-03 | best 26.6739
2026-03-30 13:21:52,582 | INFO | SFTrainer | Epoch 1110 | total 26.6263 | rec_rna 3.5070 | rec_atac 7.1760 | clip 3.8305 | clip_weight 0.5000 | lr 1.00e-03 | best 26.5887
2026-03-30 13:21:53,340 | INFO | SFTrainer | Epoch 1120 | total 26.5238 | rec_rna 3.4911 | rec_atac 7.1599 | clip 3.8172 | clip_weight 0.5000 | lr 1.00e-03 | best 26.5075
2026-03-30 13:21:54,012 | INFO | SFTrainer | Epoch 1130 | total 26.5149 | rec_rna 3.4935 | rec_atac 7.1508 | clip 3.7931 | clip_weight 0.5000 | lr 1.00e-03 | best 26.4913
2026-03-30 13:21:54,745 | INFO | SFTrainer | Epoch 1140 | total 26.4425 | rec_rna 3.4870 | rec_atac 7.1317 | clip 3.7520 | clip_weight 0.5000 | lr 1.00e-03 | best 26.3962
2026-03-30 13:21:55,419 | INFO | SFTrainer | Epoch 1150 | total 26.3788 | rec_rna 3.4805 | rec_atac 7.1092 | clip 3.7343 | clip_weight 0.5000 | lr 1.00e-03 | best 26.3529
2026-03-30 13:21:56,100 | INFO | SFTrainer | Epoch 1160 | total 26.3575 | rec_rna 3.4807 | rec_atac 7.1091 | clip 3.6893 | clip_weight 0.5000 | lr 1.00e-03 | best 26.3529
2026-03-30 13:21:56,865 | INFO | SFTrainer | Epoch 1170 | total 26.3083 | rec_rna 3.4703 | rec_atac 7.1127 | clip 3.6884 | clip_weight 0.5000 | lr 1.00e-03 | best 26.2761
2026-03-30 13:21:57,622 | INFO | SFTrainer | Epoch 1180 | total 26.2207 | rec_rna 3.4661 | rec_atac 7.0748 | clip 3.6309 | clip_weight 0.5000 | lr 1.00e-03 | best 26.2069
2026-03-30 13:21:58,343 | INFO | SFTrainer | Epoch 1190 | total 26.2049 | rec_rna 3.4640 | rec_atac 7.0876 | clip 3.5943 | clip_weight 0.5000 | lr 1.00e-03 | best 26.1662
2026-03-30 13:21:59,094 | INFO | SFTrainer | Epoch 1200 | total 26.0725 | rec_rna 3.4518 | rec_atac 7.0356 | clip 3.5561 | clip_weight 0.5000 | lr 1.00e-03 | best 26.0725
2026-03-30 13:21:59,792 | INFO | SFTrainer | Epoch 1210 | total 26.1464 | rec_rna 3.4698 | rec_atac 7.0216 | clip 3.5516 | clip_weight 0.5000 | lr 1.00e-03 | best 26.0233
2026-03-30 13:22:00,468 | INFO | SFTrainer | Epoch 1220 | total 26.0699 | rec_rna 3.4592 | rec_atac 7.0196 | clip 3.5089 | clip_weight 0.5000 | lr 1.00e-03 | best 25.9956
2026-03-30 13:22:01,161 | INFO | SFTrainer | Epoch 1230 | total 26.0267 | rec_rna 3.4510 | rec_atac 7.0305 | clip 3.4830 | clip_weight 0.5000 | lr 1.00e-03 | best 25.9429
2026-03-30 13:22:01,827 | INFO | SFTrainer | Epoch 1240 | total 25.9162 | rec_rna 3.4437 | rec_atac 6.9640 | clip 3.4672 | clip_weight 0.5000 | lr 1.00e-03 | best 25.8898
2026-03-30 13:22:02,572 | INFO | SFTrainer | Epoch 1250 | total 25.8595 | rec_rna 3.4270 | rec_atac 7.0084 | clip 3.4319 | clip_weight 0.5000 | lr 1.00e-03 | best 25.8310
2026-03-30 13:22:03,319 | INFO | SFTrainer | Epoch 1260 | total 25.8521 | rec_rna 3.4312 | rec_atac 7.0039 | clip 3.3844 | clip_weight 0.5000 | lr 1.00e-03 | best 25.8160
2026-03-30 13:22:04,048 | INFO | SFTrainer | Epoch 1270 | total 25.7721 | rec_rna 3.4156 | rec_atac 6.9893 | clip 3.4092 | clip_weight 0.5000 | lr 1.00e-03 | best 25.7667
2026-03-30 13:22:04,799 | INFO | SFTrainer | Epoch 1280 | total 25.7914 | rec_rna 3.4280 | rec_atac 6.9917 | clip 3.3193 | clip_weight 0.5000 | lr 1.00e-03 | best 25.7198
2026-03-30 13:22:05,574 | INFO | SFTrainer | Epoch 1290 | total 25.6965 | rec_rna 3.4211 | rec_atac 6.9221 | clip 3.3378 | clip_weight 0.5000 | lr 1.00e-03 | best 25.6555
2026-03-30 13:22:06,294 | INFO | SFTrainer | Epoch 1300 | total 25.6791 | rec_rna 3.4275 | rec_atac 6.9072 | clip 3.2683 | clip_weight 0.5000 | lr 1.00e-03 | best 25.6441
2026-03-30 13:22:07,081 | INFO | SFTrainer | Epoch 1310 | total 25.6445 | rec_rna 3.4174 | rec_atac 6.9222 | clip 3.2704 | clip_weight 0.5000 | lr 1.00e-03 | best 25.6126
2026-03-30 13:22:07,861 | INFO | SFTrainer | Epoch 1320 | total 25.6374 | rec_rna 3.4237 | rec_atac 6.9088 | clip 3.2207 | clip_weight 0.5000 | lr 1.00e-03 | best 25.5571
2026-03-30 13:22:08,592 | INFO | SFTrainer | Epoch 1330 | total 25.5250 | rec_rna 3.4055 | rec_atac 6.9171 | clip 3.1606 | clip_weight 0.5000 | lr 1.00e-03 | best 25.5175
2026-03-30 13:22:09,326 | INFO | SFTrainer | Epoch 1340 | total 25.4624 | rec_rna 3.4008 | rec_atac 6.8644 | clip 3.1880 | clip_weight 0.5000 | lr 1.00e-03 | best 25.4184
2026-03-30 13:22:10,021 | INFO | SFTrainer | Epoch 1350 | total 25.4890 | rec_rna 3.4051 | rec_atac 6.8968 | clip 3.1333 | clip_weight 0.5000 | lr 1.00e-03 | best 25.3951
2026-03-30 13:22:10,787 | INFO | SFTrainer | Epoch 1360 | total 25.4632 | rec_rna 3.4009 | rec_atac 6.8950 | clip 3.1269 | clip_weight 0.5000 | lr 1.00e-03 | best 25.3388
2026-03-30 13:22:11,521 | INFO | SFTrainer | Epoch 1370 | total 25.3581 | rec_rna 3.3883 | rec_atac 6.8711 | clip 3.0915 | clip_weight 0.5000 | lr 1.00e-03 | best 25.3029
2026-03-30 13:22:12,235 | INFO | SFTrainer | Epoch 1380 | total 25.3807 | rec_rna 3.3942 | rec_atac 6.8740 | clip 3.0712 | clip_weight 0.5000 | lr 1.00e-03 | best 25.2692
2026-03-30 13:22:12,934 | INFO | SFTrainer | Epoch 1390 | total 25.2752 | rec_rna 3.3825 | rec_atac 6.8410 | clip 3.0433 | clip_weight 0.5000 | lr 1.00e-03 | best 25.2426
2026-03-30 13:22:13,698 | INFO | SFTrainer | Epoch 1400 | total 25.2438 | rec_rna 3.3776 | rec_atac 6.8440 | clip 3.0240 | clip_weight 0.5000 | lr 1.00e-03 | best 25.1668
2026-03-30 13:22:14,456 | INFO | SFTrainer | Epoch 1410 | total 25.1792 | rec_rna 3.3721 | rec_atac 6.8232 | clip 2.9911 | clip_weight 0.5000 | lr 1.00e-03 | best 25.1165
2026-03-30 13:22:15,130 | INFO | SFTrainer | Epoch 1420 | total 25.1491 | rec_rna 3.3684 | rec_atac 6.8338 | clip 2.9466 | clip_weight 0.5000 | lr 1.00e-03 | best 25.1165
2026-03-30 13:22:15,885 | INFO | SFTrainer | Epoch 1430 | total 25.2340 | rec_rna 3.3876 | rec_atac 6.8331 | clip 2.9262 | clip_weight 0.5000 | lr 1.00e-03 | best 25.0625
2026-03-30 13:22:16,559 | INFO | SFTrainer | Epoch 1440 | total 25.0377 | rec_rna 3.3556 | rec_atac 6.8124 | clip 2.8947 | clip_weight 0.5000 | lr 1.00e-03 | best 25.0377
2026-03-30 13:22:17,272 | INFO | SFTrainer | Epoch 1450 | total 24.9718 | rec_rna 3.3527 | rec_atac 6.7764 | clip 2.8640 | clip_weight 0.5000 | lr 1.00e-03 | best 24.9555
2026-03-30 13:22:17,986 | INFO | SFTrainer | Epoch 1460 | total 24.9723 | rec_rna 3.3588 | rec_atac 6.7659 | clip 2.8250 | clip_weight 0.5000 | lr 1.00e-03 | best 24.9555
2026-03-30 13:22:18,709 | INFO | SFTrainer | Epoch 1470 | total 25.0035 | rec_rna 3.3589 | rec_atac 6.7946 | clip 2.8285 | clip_weight 0.5000 | lr 1.00e-03 | best 24.9356
2026-03-30 13:22:19,422 | INFO | SFTrainer | Epoch 1480 | total 24.9717 | rec_rna 3.3587 | rec_atac 6.7840 | clip 2.7885 | clip_weight 0.5000 | lr 1.00e-03 | best 24.8651
2026-03-30 13:22:20,158 | INFO | SFTrainer | Epoch 1490 | total 24.9390 | rec_rna 3.3554 | rec_atac 6.7701 | clip 2.7842 | clip_weight 0.5000 | lr 1.00e-03 | best 24.8182
2026-03-30 13:22:20,883 | INFO | SFTrainer | Epoch 1500 | total 24.9615 | rec_rna 3.3593 | rec_atac 6.7932 | clip 2.7438 | clip_weight 0.5000 | lr 1.00e-03 | best 24.7893
2026-03-30 13:22:21,622 | INFO | SFTrainer | Epoch 1510 | total 24.8719 | rec_rna 3.3531 | rec_atac 6.7635 | clip 2.6860 | clip_weight 0.5000 | lr 1.00e-03 | best 24.7438
2026-03-30 13:22:22,361 | INFO | SFTrainer | Epoch 1520 | total 24.7422 | rec_rna 3.3395 | rec_atac 6.7204 | clip 2.6486 | clip_weight 0.5000 | lr 1.00e-03 | best 24.7275
2026-03-30 13:22:23,103 | INFO | SFTrainer | Epoch 1530 | total 24.8623 | rec_rna 3.3553 | rec_atac 6.7611 | clip 2.6491 | clip_weight 0.5000 | lr 1.00e-03 | best 24.6760
2026-03-30 13:22:23,811 | INFO | SFTrainer | Epoch 1540 | total 24.7377 | rec_rna 3.3389 | rec_atac 6.7419 | clip 2.6024 | clip_weight 0.5000 | lr 1.00e-03 | best 24.6580
2026-03-30 13:22:24,532 | INFO | SFTrainer | Epoch 1550 | total 24.6561 | rec_rna 3.3333 | rec_atac 6.7112 | clip 2.5569 | clip_weight 0.5000 | lr 1.00e-03 | best 24.5997
2026-03-30 13:22:25,255 | INFO | SFTrainer | Epoch 1560 | total 24.6213 | rec_rna 3.3266 | rec_atac 6.7089 | clip 2.5589 | clip_weight 0.5000 | lr 1.00e-03 | best 24.5997
2026-03-30 13:22:25,960 | INFO | SFTrainer | Epoch 1570 | total 24.5957 | rec_rna 3.3280 | rec_atac 6.7180 | clip 2.4750 | clip_weight 0.5000 | lr 1.00e-03 | best 24.5700
2026-03-30 13:22:26,716 | INFO | SFTrainer | Epoch 1580 | total 24.5596 | rec_rna 3.3179 | rec_atac 6.7274 | clip 2.4852 | clip_weight 0.5000 | lr 1.00e-03 | best 24.5152
2026-03-30 13:22:27,434 | INFO | SFTrainer | Epoch 1590 | total 24.5110 | rec_rna 3.3152 | rec_atac 6.7393 | clip 2.3913 | clip_weight 0.5000 | lr 1.00e-03 | best 24.4373
2026-03-30 13:22:28,176 | INFO | SFTrainer | Epoch 1600 | total 24.4493 | rec_rna 3.3139 | rec_atac 6.6892 | clip 2.3815 | clip_weight 0.5000 | lr 1.00e-03 | best 24.3752
2026-03-30 13:22:28,936 | INFO | SFTrainer | Epoch 1610 | total 24.5158 | rec_rna 3.3294 | rec_atac 6.6936 | clip 2.3501 | clip_weight 0.5000 | lr 1.00e-03 | best 24.3346
2026-03-30 13:22:29,607 | INFO | SFTrainer | Epoch 1620 | total 24.3447 | rec_rna 3.3094 | rec_atac 6.6570 | clip 2.2816 | clip_weight 0.5000 | lr 1.00e-03 | best 24.3346
2026-03-30 13:22:30,355 | INFO | SFTrainer | Epoch 1630 | total 24.4340 | rec_rna 3.3177 | rec_atac 6.6827 | clip 2.3255 | clip_weight 0.5000 | lr 1.00e-03 | best 24.2996
2026-03-30 13:22:31,076 | INFO | SFTrainer | Epoch 1640 | total 24.3270 | rec_rna 3.3039 | rec_atac 6.6672 | clip 2.2805 | clip_weight 0.5000 | lr 1.00e-03 | best 24.2566
2026-03-30 13:22:31,730 | INFO | SFTrainer | Epoch 1650 | total 24.2789 | rec_rna 3.3089 | rec_atac 6.6242 | clip 2.2198 | clip_weight 0.5000 | lr 1.00e-03 | best 24.2566
2026-03-30 13:22:32,469 | INFO | SFTrainer | Epoch 1660 | total 24.2198 | rec_rna 3.3041 | rec_atac 6.6246 | clip 2.1494 | clip_weight 0.5000 | lr 1.00e-03 | best 24.2162
2026-03-30 13:22:33,186 | INFO | SFTrainer | Epoch 1670 | total 24.1964 | rec_rna 3.2893 | rec_atac 6.6624 | clip 2.1749 | clip_weight 0.5000 | lr 1.00e-03 | best 24.1964
2026-03-30 13:22:33,888 | INFO | SFTrainer | Epoch 1680 | total 24.3198 | rec_rna 3.3128 | rec_atac 6.6544 | clip 2.2028 | clip_weight 0.5000 | lr 1.00e-03 | best 24.1265
2026-03-30 13:22:34,590 | INFO | SFTrainer | Epoch 1690 | total 24.2224 | rec_rna 3.3036 | rec_atac 6.6501 | clip 2.1090 | clip_weight 0.5000 | lr 1.00e-03 | best 24.1166
2026-03-30 13:22:35,272 | INFO | SFTrainer | Epoch 1700 | total 24.1415 | rec_rna 3.2986 | rec_atac 6.6141 | clip 2.0687 | clip_weight 0.5000 | lr 1.00e-03 | best 24.1166
2026-03-30 13:22:35,973 | INFO | SFTrainer | Epoch 1710 | total 24.1230 | rec_rna 3.2970 | rec_atac 6.6059 | clip 2.0643 | clip_weight 0.5000 | lr 1.00e-03 | best 24.0920
2026-03-30 13:22:36,693 | INFO | SFTrainer | Epoch 1720 | total 24.0342 | rec_rna 3.2898 | rec_atac 6.5798 | clip 2.0106 | clip_weight 0.5000 | lr 1.00e-03 | best 24.0089
2026-03-30 13:22:37,383 | INFO | SFTrainer | Epoch 1730 | total 24.0415 | rec_rna 3.2888 | rec_atac 6.6045 | clip 1.9857 | clip_weight 0.5000 | lr 1.00e-03 | best 24.0085
2026-03-30 13:22:38,117 | INFO | SFTrainer | Epoch 1740 | total 23.9557 | rec_rna 3.2744 | rec_atac 6.6106 | clip 1.9464 | clip_weight 0.5000 | lr 1.00e-03 | best 23.9557
2026-03-30 13:22:38,842 | INFO | SFTrainer | Epoch 1750 | total 23.9847 | rec_rna 3.2811 | rec_atac 6.6092 | clip 1.9399 | clip_weight 0.5000 | lr 1.00e-03 | best 23.8900
2026-03-30 13:22:39,572 | INFO | SFTrainer | Epoch 1760 | total 23.9964 | rec_rna 3.2878 | rec_atac 6.6014 | clip 1.9125 | clip_weight 0.5000 | lr 1.00e-03 | best 23.8900
2026-03-30 13:22:40,350 | INFO | SFTrainer | Epoch 1770 | total 23.9746 | rec_rna 3.2862 | rec_atac 6.6038 | clip 1.8794 | clip_weight 0.5000 | lr 1.00e-03 | best 23.8135
2026-03-30 13:22:41,019 | INFO | SFTrainer | Epoch 1780 | total 23.9278 | rec_rna 3.2917 | rec_atac 6.5690 | clip 1.8004 | clip_weight 0.5000 | lr 1.00e-03 | best 23.8135
2026-03-30 13:22:41,721 | INFO | SFTrainer | Epoch 1790 | total 23.9214 | rec_rna 3.2882 | rec_atac 6.5763 | clip 1.8085 | clip_weight 0.5000 | lr 1.00e-03 | best 23.7821
2026-03-30 13:22:42,384 | INFO | SFTrainer | Epoch 1800 | total 23.8045 | rec_rna 3.2617 | rec_atac 6.5774 | clip 1.8376 | clip_weight 0.5000 | lr 1.00e-03 | best 23.7821
2026-03-30 13:22:43,203 | INFO | SFTrainer | Epoch 1810 | total 23.7358 | rec_rna 3.2555 | rec_atac 6.5600 | clip 1.7967 | clip_weight 0.5000 | lr 1.00e-03 | best 23.7358
2026-03-30 13:22:43,899 | INFO | SFTrainer | Epoch 1820 | total 23.7667 | rec_rna 3.2711 | rec_atac 6.5402 | clip 1.7417 | clip_weight 0.5000 | lr 1.00e-03 | best 23.7277
2026-03-30 13:22:44,662 | INFO | SFTrainer | Epoch 1830 | total 23.7168 | rec_rna 3.2568 | rec_atac 6.5645 | clip 1.7362 | clip_weight 0.5000 | lr 1.00e-03 | best 23.6495
2026-03-30 13:22:45,374 | INFO | SFTrainer | Epoch 1840 | total 23.6206 | rec_rna 3.2519 | rec_atac 6.5261 | clip 1.6696 | clip_weight 0.5000 | lr 1.00e-03 | best 23.6206
2026-03-30 13:22:46,052 | INFO | SFTrainer | Epoch 1850 | total 23.6958 | rec_rna 3.2597 | rec_atac 6.5617 | clip 1.6710 | clip_weight 0.5000 | lr 1.00e-03 | best 23.6115
2026-03-30 13:22:46,773 | INFO | SFTrainer | Epoch 1860 | total 23.6700 | rec_rna 3.2664 | rec_atac 6.5265 | clip 1.6233 | clip_weight 0.5000 | lr 1.00e-03 | best 23.6115
2026-03-30 13:22:47,503 | INFO | SFTrainer | Epoch 1870 | total 23.6374 | rec_rna 3.2581 | rec_atac 6.5408 | clip 1.6127 | clip_weight 0.5000 | lr 1.00e-03 | best 23.5913
2026-03-30 13:22:48,252 | INFO | SFTrainer | Epoch 1880 | total 23.5880 | rec_rna 3.2518 | rec_atac 6.5353 | clip 1.5874 | clip_weight 0.5000 | lr 1.00e-03 | best 23.5880
2026-03-30 13:22:49,052 | INFO | SFTrainer | Epoch 1890 | total 23.6433 | rec_rna 3.2639 | rec_atac 6.5270 | clip 1.5934 | clip_weight 0.5000 | lr 1.00e-03 | best 23.4957
2026-03-30 13:22:49,724 | INFO | SFTrainer | Epoch 1900 | total 23.5296 | rec_rna 3.2479 | rec_atac 6.5094 | clip 1.5612 | clip_weight 0.5000 | lr 1.00e-03 | best 23.4957
2026-03-30 13:22:50,490 | INFO | SFTrainer | Epoch 1910 | total 23.5708 | rec_rna 3.2549 | rec_atac 6.5253 | clip 1.5421 | clip_weight 0.5000 | lr 1.00e-03 | best 23.4620
2026-03-30 13:22:51,213 | INFO | SFTrainer | Epoch 1920 | total 23.4807 | rec_rna 3.2445 | rec_atac 6.4957 | clip 1.5252 | clip_weight 0.5000 | lr 1.00e-03 | best 23.4620
2026-03-30 13:22:51,959 | INFO | SFTrainer | Epoch 1930 | total 23.4597 | rec_rna 3.2445 | rec_atac 6.5143 | clip 1.4464 | clip_weight 0.5000 | lr 1.00e-03 | best 23.4257
2026-03-30 13:22:52,807 | INFO | SFTrainer | Epoch 1940 | total 23.4054 | rec_rna 3.2428 | rec_atac 6.4745 | clip 1.4336 | clip_weight 0.5000 | lr 1.00e-03 | best 23.4054
2026-03-30 13:22:53,636 | INFO | SFTrainer | Epoch 1950 | total 23.3729 | rec_rna 3.2305 | rec_atac 6.5132 | clip 1.4147 | clip_weight 0.5000 | lr 1.00e-03 | best 23.3712
2026-03-30 13:22:54,525 | INFO | SFTrainer | Epoch 1960 | total 23.3797 | rec_rna 3.2388 | rec_atac 6.4855 | clip 1.4010 | clip_weight 0.5000 | lr 1.00e-03 | best 23.3395
2026-03-30 13:22:55,341 | INFO | SFTrainer | Epoch 1970 | total 23.3458 | rec_rna 3.2356 | rec_atac 6.4841 | clip 1.3672 | clip_weight 0.5000 | lr 1.00e-03 | best 23.3297
2026-03-30 13:22:56,133 | INFO | SFTrainer | Epoch 1980 | total 23.4572 | rec_rna 3.2511 | rec_atac 6.5140 | clip 1.3749 | clip_weight 0.5000 | lr 1.00e-03 | best 23.2760
2026-03-30 13:22:56,880 | INFO | SFTrainer | Epoch 1990 | total 23.3439 | rec_rna 3.2413 | rec_atac 6.4726 | clip 1.3299 | clip_weight 0.5000 | lr 1.00e-03 | best 23.2312
2026-03-30 13:22:57,562 | INFO | SFTrainer | Epoch 2000 | total 23.3308 | rec_rna 3.2443 | rec_atac 6.4343 | clip 1.3499 | clip_weight 0.5000 | lr 1.00e-04 | best 23.2312
2026-03-30 13:22:58,376 | INFO | SFTrainer | Epoch 2010 | total 23.1733 | rec_rna 3.2197 | rec_atac 6.4347 | clip 1.2817 | clip_weight 0.4995 | lr 1.00e-04 | best 23.1733
2026-03-30 13:22:59,109 | INFO | SFTrainer | Epoch 2020 | total 23.1180 | rec_rna 3.2137 | rec_atac 6.4104 | clip 1.2837 | clip_weight 0.4980 | lr 1.00e-04 | best 23.0873
2026-03-30 13:22:59,851 | INFO | SFTrainer | Epoch 2030 | total 23.0389 | rec_rna 3.2037 | rec_atac 6.3868 | clip 1.2783 | clip_weight 0.4956 | lr 1.00e-04 | best 22.9970
2026-03-30 13:23:00,553 | INFO | SFTrainer | Epoch 2040 | total 22.9480 | rec_rna 3.1877 | rec_atac 6.3667 | clip 1.3058 | clip_weight 0.4921 | lr 1.00e-04 | best 22.9393
2026-03-30 13:23:01,269 | INFO | SFTrainer | Epoch 2050 | total 22.9391 | rec_rna 3.1811 | rec_atac 6.3996 | clip 1.3002 | clip_weight 0.4878 | lr 1.00e-04 | best 22.9082
2026-03-30 13:23:02,057 | INFO | SFTrainer | Epoch 2060 | total 22.8782 | rec_rna 3.1781 | rec_atac 6.3832 | clip 1.2532 | clip_weight 0.4824 | lr 1.00e-04 | best 22.8426
2026-03-30 13:23:02,735 | INFO | SFTrainer | Epoch 2070 | total 22.8917 | rec_rna 3.1860 | rec_atac 6.3514 | clip 1.2814 | clip_weight 0.4762 | lr 1.00e-04 | best 22.8426
2026-03-30 13:23:03,455 | INFO | SFTrainer | Epoch 2080 | total 22.8550 | rec_rna 3.1760 | rec_atac 6.3795 | clip 1.2691 | clip_weight 0.4691 | lr 1.00e-04 | best 22.7413
2026-03-30 13:23:04,145 | INFO | SFTrainer | Epoch 2090 | total 22.8294 | rec_rna 3.1790 | rec_atac 6.3694 | clip 1.2251 | clip_weight 0.4611 | lr 1.00e-04 | best 22.7413
2026-03-30 13:23:04,859 | INFO | SFTrainer | Epoch 2100 | total 22.7417 | rec_rna 3.1661 | rec_atac 6.3566 | clip 1.2261 | clip_weight 0.4523 | lr 1.00e-04 | best 22.7394
2026-03-30 13:23:05,632 | INFO | SFTrainer | Epoch 2110 | total 22.8130 | rec_rna 3.1737 | rec_atac 6.3715 | clip 1.2942 | clip_weight 0.4426 | lr 1.00e-04 | best 22.6767
2026-03-30 13:23:06,342 | INFO | SFTrainer | Epoch 2120 | total 22.7828 | rec_rna 3.1780 | rec_atac 6.3506 | clip 1.2541 | clip_weight 0.4322 | lr 1.00e-04 | best 22.6608
2026-03-30 13:23:07,028 | INFO | SFTrainer | Epoch 2130 | total 22.7392 | rec_rna 3.1733 | rec_atac 6.3552 | clip 1.2289 | clip_weight 0.4211 | lr 1.00e-04 | best 22.6608
2026-03-30 13:23:07,745 | INFO | SFTrainer | Epoch 2140 | total 22.7667 | rec_rna 3.1789 | rec_atac 6.3669 | clip 1.2346 | clip_weight 0.4094 | lr 1.00e-04 | best 22.6109
2026-03-30 13:23:08,469 | INFO | SFTrainer | Epoch 2150 | total 22.8302 | rec_rna 3.1875 | rec_atac 6.3848 | clip 1.2796 | clip_weight 0.3969 | lr 1.00e-04 | best 22.5857
2026-03-30 13:23:09,238 | INFO | SFTrainer | Epoch 2160 | total 22.7961 | rec_rna 3.1874 | rec_atac 6.3776 | clip 1.2545 | clip_weight 0.3840 | lr 1.00e-04 | best 22.5855
2026-03-30 13:23:09,918 | INFO | SFTrainer | Epoch 2170 | total 22.6457 | rec_rna 3.1701 | rec_atac 6.3406 | clip 1.2268 | clip_weight 0.3704 | lr 1.00e-04 | best 22.5855
2026-03-30 13:23:10,589 | INFO | SFTrainer | Epoch 2180 | total 22.6141 | rec_rna 3.1662 | rec_atac 6.3325 | clip 1.2646 | clip_weight 0.3564 | lr 1.00e-04 | best 22.5855
2026-03-30 13:23:11,285 | INFO | SFTrainer | Epoch 2190 | total 22.5848 | rec_rna 3.1667 | rec_atac 6.3373 | clip 1.2108 | clip_weight 0.3420 | lr 1.00e-04 | best 22.5630
2026-03-30 13:23:12,077 | INFO | SFTrainer | Epoch 2200 | total 22.6763 | rec_rna 3.1803 | rec_atac 6.3657 | clip 1.2509 | clip_weight 0.3273 | lr 1.00e-04 | best 22.4883
2026-03-30 13:23:12,801 | INFO | SFTrainer | Epoch 2210 | total 22.5516 | rec_rna 3.1703 | rec_atac 6.3228 | clip 1.2093 | clip_weight 0.3122 | lr 1.00e-04 | best 22.4674
2026-03-30 13:23:13,483 | INFO | SFTrainer | Epoch 2220 | total 22.4905 | rec_rna 3.1610 | rec_atac 6.3246 | clip 1.2162 | clip_weight 0.2968 | lr 1.00e-04 | best 22.4674
2026-03-30 13:23:14,246 | INFO | SFTrainer | Epoch 2230 | total 22.4652 | rec_rna 3.1521 | rec_atac 6.3643 | clip 1.2099 | clip_weight 0.2813 | lr 1.00e-04 | best 22.4510
2026-03-30 13:23:14,946 | INFO | SFTrainer | Epoch 2240 | total 22.5798 | rec_rna 3.1817 | rec_atac 6.3505 | clip 1.2076 | clip_weight 0.2657 | lr 1.00e-04 | best 22.4055
2026-03-30 13:23:15,643 | INFO | SFTrainer | Epoch 2250 | total 22.4030 | rec_rna 3.1574 | rec_atac 6.3135 | clip 1.2105 | clip_weight 0.2500 | lr 1.00e-04 | best 22.3739
2026-03-30 13:23:16,387 | INFO | SFTrainer | Epoch 2260 | total 22.4989 | rec_rna 3.1723 | rec_atac 6.3467 | clip 1.2400 | clip_weight 0.2343 | lr 1.00e-04 | best 22.3673
2026-03-30 13:23:17,129 | INFO | SFTrainer | Epoch 2270 | total 22.4766 | rec_rna 3.1749 | rec_atac 6.3307 | clip 1.2403 | clip_weight 0.2187 | lr 1.00e-04 | best 22.3336
2026-03-30 13:23:17,901 | INFO | SFTrainer | Epoch 2280 | total 22.3870 | rec_rna 3.1588 | rec_atac 6.3403 | clip 1.2435 | clip_weight 0.2032 | lr 1.00e-04 | best 22.2850
2026-03-30 13:23:18,578 | INFO | SFTrainer | Epoch 2290 | total 22.3678 | rec_rna 3.1609 | rec_atac 6.3283 | clip 1.2500 | clip_weight 0.1878 | lr 1.00e-04 | best 22.2850
2026-03-30 13:23:19,315 | INFO | SFTrainer | Epoch 2300 | total 22.3105 | rec_rna 3.1534 | rec_atac 6.3336 | clip 1.2142 | clip_weight 0.1727 | lr 1.00e-04 | best 22.2474
2026-03-30 13:23:20,050 | INFO | SFTrainer | Epoch 2310 | total 22.3793 | rec_rna 3.1726 | rec_atac 6.3112 | clip 1.2995 | clip_weight 0.1580 | lr 1.00e-04 | best 22.2474
2026-03-30 13:23:20,730 | INFO | SFTrainer | Epoch 2320 | total 22.2888 | rec_rna 3.1574 | rec_atac 6.3169 | clip 1.2869 | clip_weight 0.1436 | lr 1.00e-04 | best 22.2474
2026-03-30 13:23:21,531 | INFO | SFTrainer | Epoch 2330 | total 22.3367 | rec_rna 3.1668 | rec_atac 6.3377 | clip 1.2740 | clip_weight 0.1296 | lr 1.00e-04 | best 22.1978
2026-03-30 13:23:22,258 | INFO | SFTrainer | Epoch 2340 | total 22.2744 | rec_rna 3.1598 | rec_atac 6.3279 | clip 1.2703 | clip_weight 0.1160 | lr 1.00e-04 | best 22.1978
2026-03-30 13:23:23,043 | INFO | SFTrainer | Epoch 2350 | total 22.2090 | rec_rna 3.1491 | rec_atac 6.3337 | clip 1.2575 | clip_weight 0.1031 | lr 1.00e-04 | best 22.1501
2026-03-30 13:23:23,854 | INFO | SFTrainer | Epoch 2360 | total 22.1891 | rec_rna 3.1458 | rec_atac 6.3419 | clip 1.3024 | clip_weight 0.0906 | lr 1.00e-04 | best 22.1448
2026-03-30 13:23:24,507 | INFO | SFTrainer | Epoch 2370 | total 22.2421 | rec_rna 3.1643 | rec_atac 6.3249 | clip 1.2100 | clip_weight 0.0789 | lr 1.00e-04 | best 22.1448
2026-03-30 13:23:25,293 | INFO | SFTrainer | Epoch 2380 | total 22.1447 | rec_rna 3.1490 | rec_atac 6.3157 | clip 1.2406 | clip_weight 0.0678 | lr 1.00e-04 | best 22.1293
2026-03-30 13:23:26,141 | INFO | SFTrainer | Epoch 2390 | total 22.0853 | rec_rna 3.1441 | rec_atac 6.2927 | clip 1.2566 | clip_weight 0.0574 | lr 1.00e-04 | best 22.0824
2026-03-30 13:23:26,823 | INFO | SFTrainer | Epoch 2400 | total 22.2410 | rec_rna 3.1691 | rec_atac 6.3339 | clip 1.2913 | clip_weight 0.0477 | lr 1.00e-04 | best 22.0824
2026-03-30 13:23:27,569 | INFO | SFTrainer | Epoch 2410 | total 22.1046 | rec_rna 3.1520 | rec_atac 6.2927 | clip 1.3344 | clip_weight 0.0389 | lr 1.00e-04 | best 22.0513
2026-03-30 13:23:28,283 | INFO | SFTrainer | Epoch 2420 | total 22.0753 | rec_rna 3.1502 | rec_atac 6.2838 | clip 1.3090 | clip_weight 0.0309 | lr 1.00e-04 | best 22.0299
2026-03-30 13:23:28,971 | INFO | SFTrainer | Epoch 2430 | total 22.1036 | rec_rna 3.1473 | rec_atac 6.3364 | clip 1.2965 | clip_weight 0.0238 | lr 1.00e-04 | best 22.0299
2026-03-30 13:23:29,655 | INFO | SFTrainer | Epoch 2440 | total 22.1779 | rec_rna 3.1566 | rec_atac 6.3714 | clip 1.3284 | clip_weight 0.0176 | lr 1.00e-04 | best 22.0299
2026-03-30 13:23:30,364 | INFO | SFTrainer | Epoch 2450 | total 22.0287 | rec_rna 3.1413 | rec_atac 6.3064 | clip 1.3086 | clip_weight 0.0122 | lr 1.00e-04 | best 22.0287
2026-03-30 13:23:31,130 | INFO | SFTrainer | Epoch 2460 | total 22.0873 | rec_rna 3.1446 | rec_atac 6.3539 | clip 1.3397 | clip_weight 0.0079 | lr 1.00e-04 | best 21.9616
2026-03-30 13:23:31,781 | INFO | SFTrainer | Epoch 2470 | total 22.0463 | rec_rna 3.1485 | rec_atac 6.2980 | clip 1.3278 | clip_weight 0.0044 | lr 1.00e-04 | best 21.9616
2026-03-30 13:23:32,437 | INFO | SFTrainer | Epoch 2480 | total 22.1172 | rec_rna 3.1576 | rec_atac 6.3266 | clip 1.3518 | clip_weight 0.0020 | lr 1.00e-04 | best 21.9616
2026-03-30 13:23:33,148 | INFO | SFTrainer | Epoch 2490 | total 21.9999 | rec_rna 3.1394 | rec_atac 6.3021 | clip 1.3490 | clip_weight 0.0005 | lr 1.00e-04 | best 21.9577
2026-03-30 13:23:33,844 | INFO | SFTrainer | Epoch 2500 | total 22.0736 | rec_rna 3.1562 | rec_atac 6.2927 | clip 0.0000 | clip_weight 0.0000 | lr 1.00e-04 | best 21.9388
2026-03-30 13:23:34,528 | INFO | SFTrainer | Epoch 2510 | total 21.9954 | rec_rna 3.1356 | rec_atac 6.3175 | clip 0.0000 | clip_weight 0.0000 | lr 1.00e-04 | best 21.9388
2026-03-30 13:23:35,162 | INFO | SFTrainer | Epoch 2520 | total 21.9606 | rec_rna 3.1338 | rec_atac 6.2918 | clip 0.0000 | clip_weight 0.0000 | lr 1.00e-04 | best 21.9388
2026-03-30 13:23:35,805 | INFO | SFTrainer | Epoch 2530 | total 22.0237 | rec_rna 3.1465 | rec_atac 6.2914 | clip 0.0000 | clip_weight 0.0000 | lr 1.00e-04 | best 21.9388
2026-03-30 13:23:36,435 | INFO | SFTrainer | Epoch 2540 | total 21.9693 | rec_rna 3.1296 | rec_atac 6.3211 | clip 0.0000 | clip_weight 0.0000 | lr 1.00e-04 | best 21.9388
2026-03-30 13:23:37,120 | INFO | SFTrainer | Epoch 2550 | total 22.0150 | rec_rna 3.1490 | rec_atac 6.2697 | clip 0.0000 | clip_weight 0.0000 | lr 1.00e-04 | best 21.9193
2026-03-30 13:23:37,800 | INFO | SFTrainer | Epoch 2560 | total 22.1094 | rec_rna 3.1589 | rec_atac 6.3148 | clip 0.0000 | clip_weight 0.0000 | lr 1.00e-04 | best 21.9193
2026-03-30 13:23:38,452 | INFO | SFTrainer | Epoch 2570 | total 22.0051 | rec_rna 3.1365 | rec_atac 6.3225 | clip 0.0000 | clip_weight 0.0000 | lr 1.00e-04 | best 21.9193
2026-03-30 13:23:39,139 | INFO | SFTrainer | Epoch 2580 | total 21.9893 | rec_rna 3.1391 | rec_atac 6.2938 | clip 0.0000 | clip_weight 0.0000 | lr 1.00e-04 | best 21.8796
2026-03-30 13:23:39,778 | INFO | SFTrainer | Epoch 2590 | total 21.9345 | rec_rna 3.1343 | rec_atac 6.2632 | clip 0.0000 | clip_weight 0.0000 | lr 1.00e-04 | best 21.8796
2026-03-30 13:23:40,464 | INFO | SFTrainer | Epoch 2600 | total 22.0109 | rec_rna 3.1366 | rec_atac 6.3277 | clip 0.0000 | clip_weight 0.0000 | lr 1.00e-04 | best 21.8796
2026-03-30 13:23:41,138 | INFO | SFTrainer | Epoch 2610 | total 22.0472 | rec_rna 3.1492 | rec_atac 6.3014 | clip 0.0000 | clip_weight 0.0000 | lr 1.00e-04 | best 21.8796
2026-03-30 13:23:41,845 | INFO | SFTrainer | Epoch 2620 | total 21.9289 | rec_rna 3.1296 | rec_atac 6.2810 | clip 0.0000 | clip_weight 0.0000 | lr 1.00e-04 | best 21.8796
2026-03-30 13:23:42,512 | INFO | SFTrainer | Epoch 2630 | total 21.9232 | rec_rna 3.1344 | rec_atac 6.2511 | clip 0.0000 | clip_weight 0.0000 | lr 1.00e-04 | best 21.8796
2026-03-30 13:23:43,135 | INFO | SFTrainer | Epoch 2640 | total 22.0876 | rec_rna 3.1561 | rec_atac 6.3069 | clip 0.0000 | clip_weight 0.0000 | lr 1.00e-04 | best 21.8796
2026-03-30 13:23:43,786 | INFO | SFTrainer | Epoch 2650 | total 21.9353 | rec_rna 3.1333 | rec_atac 6.2688 | clip 0.0000 | clip_weight 0.0000 | lr 1.00e-04 | best 21.8796
2026-03-30 13:23:44,467 | INFO | SFTrainer | Epoch 2660 | total 21.9042 | rec_rna 3.1280 | rec_atac 6.2641 | clip 0.0000 | clip_weight 0.0000 | lr 1.00e-04 | best 21.8796
2026-03-30 13:23:45,118 | INFO | SFTrainer | Epoch 2670 | total 21.9177 | rec_rna 3.1314 | rec_atac 6.2609 | clip 0.0000 | clip_weight 0.0000 | lr 1.00e-04 | best 21.8796
2026-03-30 13:23:45,764 | INFO | SFTrainer | Epoch 2680 | total 21.9466 | rec_rna 3.1307 | rec_atac 6.2933 | clip 0.0000 | clip_weight 0.0000 | lr 1.00e-04 | best 21.8796
2026-03-30 13:23:46,457 | INFO | SFTrainer | Epoch 2690 | total 21.9989 | rec_rna 3.1425 | rec_atac 6.2864 | clip 0.0000 | clip_weight 0.0000 | lr 1.00e-04 | best 21.8796
2026-03-30 13:23:47,185 | INFO | SFTrainer | Epoch 2700 | total 21.9847 | rec_rna 3.1360 | rec_atac 6.3047 | clip 0.0000 | clip_weight 0.0000 | lr 1.00e-04 | best 21.8443
2026-03-30 13:23:47,894 | INFO | SFTrainer | Epoch 2710 | total 21.9949 | rec_rna 3.1435 | rec_atac 6.2773 | clip 0.0000 | clip_weight 0.0000 | lr 1.00e-04 | best 21.8443
2026-03-30 13:23:48,555 | INFO | SFTrainer | Epoch 2720 | total 22.0069 | rec_rna 3.1435 | rec_atac 6.2894 | clip 0.0000 | clip_weight 0.0000 | lr 1.00e-04 | best 21.8443
2026-03-30 13:23:49,285 | INFO | SFTrainer | Epoch 2730 | total 21.9279 | rec_rna 3.1302 | rec_atac 6.2771 | clip 0.0000 | clip_weight 0.0000 | lr 1.00e-04 | best 21.8439
2026-03-30 13:23:49,959 | INFO | SFTrainer | Epoch 2740 | total 21.8957 | rec_rna 3.1276 | rec_atac 6.2575 | clip 0.0000 | clip_weight 0.0000 | lr 1.00e-04 | best 21.8439
2026-03-30 13:23:50,591 | INFO | SFTrainer | Epoch 2750 | total 21.9048 | rec_rna 3.1306 | rec_atac 6.2516 | clip 0.0000 | clip_weight 0.0000 | lr 1.00e-04 | best 21.8439
2026-03-30 13:23:51,329 | INFO | SFTrainer | Epoch 2760 | total 21.8747 | rec_rna 3.1235 | rec_atac 6.2571 | clip 0.0000 | clip_weight 0.0000 | lr 1.00e-04 | best 21.8274
2026-03-30 13:23:51,974 | INFO | SFTrainer | Epoch 2770 | total 21.9133 | rec_rna 3.1281 | rec_atac 6.2726 | clip 0.0000 | clip_weight 0.0000 | lr 1.00e-04 | best 21.8274
2026-03-30 13:23:52,648 | INFO | SFTrainer | Epoch 2780 | total 21.9005 | rec_rna 3.1215 | rec_atac 6.2930 | clip 0.0000 | clip_weight 0.0000 | lr 1.00e-04 | best 21.8274
2026-03-30 13:23:53,289 | INFO | SFTrainer | Epoch 2790 | total 21.9222 | rec_rna 3.1268 | rec_atac 6.2881 | clip 0.0000 | clip_weight 0.0000 | lr 1.00e-04 | best 21.8274
2026-03-30 13:23:53,912 | INFO | SFTrainer | Epoch 2800 | total 21.9352 | rec_rna 3.1365 | rec_atac 6.2526 | clip 0.0000 | clip_weight 0.0000 | lr 1.00e-04 | best 21.8274
2026-03-30 13:23:54,646 | INFO | SFTrainer | Epoch 2810 | total 21.9514 | rec_rna 3.1288 | rec_atac 6.3076 | clip 0.0000 | clip_weight 0.0000 | lr 1.00e-04 | best 21.8274
2026-03-30 13:23:55,255 | INFO | SFTrainer | Epoch 2820 | total 21.9487 | rec_rna 3.1366 | rec_atac 6.2659 | clip 0.0000 | clip_weight 0.0000 | lr 1.00e-04 | best 21.8274
2026-03-30 13:23:55,931 | INFO | SFTrainer | Epoch 2830 | total 21.8560 | rec_rna 3.1153 | rec_atac 6.2794 | clip 0.0000 | clip_weight 0.0000 | lr 1.00e-04 | best 21.8274
2026-03-30 13:23:56,591 | INFO | SFTrainer | Epoch 2840 | total 21.8538 | rec_rna 3.1119 | rec_atac 6.2941 | clip 0.0000 | clip_weight 0.0000 | lr 1.00e-04 | best 21.8274
2026-03-30 13:23:57,247 | INFO | SFTrainer | Epoch 2850 | total 21.8696 | rec_rna 3.1209 | rec_atac 6.2651 | clip 0.0000 | clip_weight 0.0000 | lr 1.00e-04 | best 21.8274
2026-03-30 13:23:57,899 | INFO | SFTrainer | Epoch 2860 | total 21.8819 | rec_rna 3.1234 | rec_atac 6.2647 | clip 0.0000 | clip_weight 0.0000 | lr 1.00e-04 | best 21.8274
2026-03-30 13:23:58,545 | INFO | SFTrainer | Epoch 2870 | total 21.7939 | rec_rna 3.1075 | rec_atac 6.2563 | clip 0.0000 | clip_weight 0.0000 | lr 1.00e-04 | best 21.7939
2026-03-30 13:23:59,158 | INFO | SFTrainer | Epoch 2880 | total 21.9656 | rec_rna 3.1362 | rec_atac 6.2847 | clip 0.0000 | clip_weight 0.0000 | lr 1.00e-04 | best 21.7939
2026-03-30 13:23:59,761 | INFO | SFTrainer | Epoch 2890 | total 21.9351 | rec_rna 3.1340 | rec_atac 6.2653 | clip 0.0000 | clip_weight 0.0000 | lr 1.00e-04 | best 21.7939
2026-03-30 13:24:00,409 | INFO | SFTrainer | Epoch 2900 | total 21.9158 | rec_rna 3.1297 | rec_atac 6.2673 | clip 0.0000 | clip_weight 0.0000 | lr 1.00e-04 | best 21.7939
2026-03-30 13:24:01,061 | INFO | SFTrainer | Epoch 2910 | total 21.9330 | rec_rna 3.1341 | rec_atac 6.2623 | clip 0.0000 | clip_weight 0.0000 | lr 1.00e-04 | best 21.7939
2026-03-30 13:24:01,726 | INFO | SFTrainer | Epoch 2920 | total 21.8764 | rec_rna 3.1271 | rec_atac 6.2407 | clip 0.0000 | clip_weight 0.0000 | lr 1.00e-04 | best 21.7939
2026-03-30 13:24:02,342 | INFO | SFTrainer | Epoch 2930 | total 21.8961 | rec_rna 3.1233 | rec_atac 6.2795 | clip 0.0000 | clip_weight 0.0000 | lr 1.00e-04 | best 21.7939
2026-03-30 13:24:02,954 | INFO | SFTrainer | Epoch 2940 | total 21.9191 | rec_rna 3.1292 | rec_atac 6.2729 | clip 0.0000 | clip_weight 0.0000 | lr 1.00e-04 | best 21.7939
2026-03-30 13:24:03,567 | INFO | SFTrainer | Epoch 2950 | total 21.8863 | rec_rna 3.1282 | rec_atac 6.2456 | clip 0.0000 | clip_weight 0.0000 | lr 1.00e-04 | best 21.7939
2026-03-30 13:24:04,214 | INFO | SFTrainer | Epoch 2960 | total 21.8643 | rec_rna 3.1174 | rec_atac 6.2773 | clip 0.0000 | clip_weight 0.0000 | lr 1.00e-04 | best 21.7939
2026-03-30 13:24:04,817 | INFO | SFTrainer | Epoch 2970 | total 21.8074 | rec_rna 3.1144 | rec_atac 6.2352 | clip 0.0000 | clip_weight 0.0000 | lr 1.00e-04 | best 21.7939
2026-03-30 13:24:05,426 | INFO | SFTrainer | Epoch 2980 | total 21.8738 | rec_rna 3.1229 | rec_atac 6.2593 | clip 0.0000 | clip_weight 0.0000 | lr 1.00e-04 | best 21.7939
2026-03-30 13:24:06,029 | INFO | SFTrainer | Epoch 2990 | total 21.8311 | rec_rna 3.1149 | rec_atac 6.2568 | clip 0.0000 | clip_weight 0.0000 | lr 1.00e-04 | best 21.7939
2026-03-30 13:24:06,641 | INFO | SFTrainer | Epoch 3000 | total 21.8856 | rec_rna 3.1199 | rec_atac 6.2862 | clip 0.0000 | clip_weight 0.0000 | lr 1.00e-04 | best 21.7939
2026-03-30 13:24:06,681 | INFO | SFTrainer | Training finished. Best loss=21.7939
2026-03-30 13:24:06,682 | INFO | SFTrainer | Training run complete.
2026-03-30 13:24:08,095 | INFO | SFPipeline | Step done: Train
2026-03-30 13:24:08,095 | INFO | SFPipeline | Step start: Evaluate
2026-03-30 13:24:19,404 | INFO | SFEvaluate | [Phase 3] Evaluation started.
2026-03-30 13:24:19,404 | INFO | SFEvaluate | Loading processed data...
2026-03-30 13:24:19,670 | INFO | SFEvaluate | Initializing model...
2026-03-30 13:24:19,782 | INFO | SFEvaluate | Loading checkpoint: ckpt_best.pth
2026-03-30 13:24:19,827 | INFO | SFEvaluate | Inference running...
2026-03-30 13:24:20,426 | INFO | SFEvaluate | Latent shape: torch.Size([2129, 128])
2026-03-30 13:24:46,388 | INFO | SFEvaluate | Artifacts: ./results/misar/misar_e18-5-s1/figures/spatial_analysis.pdf | ./results/misar/misar_e18-5-s1/predictions/embedding_joint.h5ad
2026-03-30 13:24:46,389 | INFO | SFEvaluate | GT metrics | ARI=0.5262 | NMI=0.6159 | AMI=0.6090 | HOM=0.6653 | n_valid=2129
2026-03-30 13:24:46,389 | INFO | SFEvaluate | Evaluation complete.
2026-03-30 13:24:48,294 | INFO | SFPipeline | Step done: Evaluate
2026-03-30 13:24:48,295 | INFO | SFPipeline | Pipeline finished successfully.

========================================================================================
2026-03-30 13:27:30,233 | INFO | SFEvaluateRange | [Range Evaluate] Started. epochs=[1500, 1600, 1700, 1800, 1900, 2000, 2100, 2200, 2300, 2400, 2500, 2600, 2700, 2800, 2900, 3000]
2026-03-30 13:27:30,234 | INFO | SFEvaluateRange | Loading processed data...
2026-03-30 13:27:30,486 | INFO | SFEvaluateRange | Initializing model...
2026-03-30 13:27:30,599 | INFO | SFEvaluateRange | Evaluating epoch 1500 with ckpt_1500.pth
2026-03-30 13:27:56,879 | INFO | SFEvaluateRange | GT metrics (epoch_1500) | ARI=0.4709 | NMI=0.5959 | AMI=0.5886 | HOM=0.6452 | n_valid=2129
2026-03-30 13:27:56,879 | INFO | SFEvaluateRange | Artifacts (epoch_1500): ./results/misar/misar_e18-5-s1/figures/spatial_analysis_epoch_1500.pdf | ./results/misar/misar_e18-5-s1/predictions/embedding_joint_epoch_1500.h5ad
2026-03-30 13:27:56,879 | INFO | SFEvaluateRange | Evaluating epoch 1600 with ckpt_1600.pth
2026-03-30 13:28:11,461 | INFO | SFEvaluateRange | GT metrics (epoch_1600) | ARI=0.4065 | NMI=0.5689 | AMI=0.5611 | HOM=0.6184 | n_valid=2129
2026-03-30 13:28:11,461 | INFO | SFEvaluateRange | Artifacts (epoch_1600): ./results/misar/misar_e18-5-s1/figures/spatial_analysis_epoch_1600.pdf | ./results/misar/misar_e18-5-s1/predictions/embedding_joint_epoch_1600.h5ad
2026-03-30 13:28:11,462 | INFO | SFEvaluateRange | Evaluating epoch 1700 with ckpt_1700.pth
2026-03-30 13:28:27,379 | INFO | SFEvaluateRange | GT metrics (epoch_1700) | ARI=0.5312 | NMI=0.6200 | AMI=0.6132 | HOM=0.6703 | n_valid=2129
2026-03-30 13:28:27,380 | INFO | SFEvaluateRange | Artifacts (epoch_1700): ./results/misar/misar_e18-5-s1/figures/spatial_analysis_epoch_1700.pdf | ./results/misar/misar_e18-5-s1/predictions/embedding_joint_epoch_1700.h5ad
2026-03-30 13:28:27,380 | INFO | SFEvaluateRange | Evaluating epoch 1800 with ckpt_1800.pth
2026-03-30 13:28:41,996 | INFO | SFEvaluateRange | GT metrics (epoch_1800) | ARI=0.4404 | NMI=0.5953 | AMI=0.5881 | HOM=0.6540 | n_valid=2129
2026-03-30 13:28:41,997 | INFO | SFEvaluateRange | Artifacts (epoch_1800): ./results/misar/misar_e18-5-s1/figures/spatial_analysis_epoch_1800.pdf | ./results/misar/misar_e18-5-s1/predictions/embedding_joint_epoch_1800.h5ad
2026-03-30 13:28:41,997 | INFO | SFEvaluateRange | Evaluating epoch 1900 with ckpt_1900.pth
2026-03-30 13:28:58,027 | INFO | SFEvaluateRange | GT metrics (epoch_1900) | ARI=0.4146 | NMI=0.5812 | AMI=0.5737 | HOM=0.6367 | n_valid=2129
2026-03-30 13:28:58,027 | INFO | SFEvaluateRange | Artifacts (epoch_1900): ./results/misar/misar_e18-5-s1/figures/spatial_analysis_epoch_1900.pdf | ./results/misar/misar_e18-5-s1/predictions/embedding_joint_epoch_1900.h5ad
2026-03-30 13:28:58,028 | INFO | SFEvaluateRange | Evaluating epoch 2000 with ckpt_2000.pth
2026-03-30 13:29:12,570 | INFO | SFEvaluateRange | GT metrics (epoch_2000) | ARI=0.4458 | NMI=0.5966 | AMI=0.5894 | HOM=0.6490 | n_valid=2129
2026-03-30 13:29:12,570 | INFO | SFEvaluateRange | Artifacts (epoch_2000): ./results/misar/misar_e18-5-s1/figures/spatial_analysis_epoch_2000.pdf | ./results/misar/misar_e18-5-s1/predictions/embedding_joint_epoch_2000.h5ad
2026-03-30 13:29:12,570 | INFO | SFEvaluateRange | Evaluating epoch 2100 with ckpt_2100.pth
2026-03-30 13:29:29,120 | INFO | SFEvaluateRange | GT metrics (epoch_2100) | ARI=0.4289 | NMI=0.5856 | AMI=0.5781 | HOM=0.6414 | n_valid=2129
2026-03-30 13:29:29,120 | INFO | SFEvaluateRange | Artifacts (epoch_2100): ./results/misar/misar_e18-5-s1/figures/spatial_analysis_epoch_2100.pdf | ./results/misar/misar_e18-5-s1/predictions/embedding_joint_epoch_2100.h5ad
2026-03-30 13:29:29,120 | INFO | SFEvaluateRange | Evaluating epoch 2200 with ckpt_2200.pth
2026-03-30 13:29:45,168 | INFO | SFEvaluateRange | GT metrics (epoch_2200) | ARI=0.4544 | NMI=0.6023 | AMI=0.5952 | HOM=0.6586 | n_valid=2129
2026-03-30 13:29:45,168 | INFO | SFEvaluateRange | Artifacts (epoch_2200): ./results/misar/misar_e18-5-s1/figures/spatial_analysis_epoch_2200.pdf | ./results/misar/misar_e18-5-s1/predictions/embedding_joint_epoch_2200.h5ad
2026-03-30 13:29:45,168 | INFO | SFEvaluateRange | Evaluating epoch 2300 with ckpt_2300.pth
2026-03-30 13:30:00,374 | INFO | SFEvaluateRange | GT metrics (epoch_2300) | ARI=0.4470 | NMI=0.5965 | AMI=0.5893 | HOM=0.6516 | n_valid=2129
2026-03-30 13:30:00,374 | INFO | SFEvaluateRange | Artifacts (epoch_2300): ./results/misar/misar_e18-5-s1/figures/spatial_analysis_epoch_2300.pdf | ./results/misar/misar_e18-5-s1/predictions/embedding_joint_epoch_2300.h5ad
2026-03-30 13:30:00,375 | INFO | SFEvaluateRange | Evaluating epoch 2400 with ckpt_2400.pth
2026-03-30 13:30:21,460 | INFO | SFEvaluateRange | GT metrics (epoch_2400) | ARI=0.5301 | NMI=0.6037 | AMI=0.5965 | HOM=0.6535 | n_valid=2129
2026-03-30 13:30:21,461 | INFO | SFEvaluateRange | Artifacts (epoch_2400): ./results/misar/misar_e18-5-s1/figures/spatial_analysis_epoch_2400.pdf | ./results/misar/misar_e18-5-s1/predictions/embedding_joint_epoch_2400.h5ad
2026-03-30 13:30:21,462 | INFO | SFEvaluateRange | Evaluating epoch 2500 with ckpt_2500.pth
2026-03-30 13:30:37,188 | INFO | SFEvaluateRange | GT metrics (epoch_2500) | ARI=0.4251 | NMI=0.6018 | AMI=0.5946 | HOM=0.6476 | n_valid=2129
2026-03-30 13:30:37,189 | INFO | SFEvaluateRange | Artifacts (epoch_2500): ./results/misar/misar_e18-5-s1/figures/spatial_analysis_epoch_2500.pdf | ./results/misar/misar_e18-5-s1/predictions/embedding_joint_epoch_2500.h5ad
2026-03-30 13:30:37,189 | INFO | SFEvaluateRange | Evaluating epoch 2600 with ckpt_2600.pth
2026-03-30 13:30:52,673 | INFO | SFEvaluateRange | GT metrics (epoch_2600) | ARI=0.4595 | NMI=0.6009 | AMI=0.5938 | HOM=0.6568 | n_valid=2129
2026-03-30 13:30:52,673 | INFO | SFEvaluateRange | Artifacts (epoch_2600): ./results/misar/misar_e18-5-s1/figures/spatial_analysis_epoch_2600.pdf | ./results/misar/misar_e18-5-s1/predictions/embedding_joint_epoch_2600.h5ad
2026-03-30 13:30:52,673 | INFO | SFEvaluateRange | Evaluating epoch 2700 with ckpt_2700.pth
2026-03-30 13:31:07,691 | INFO | SFEvaluateRange | GT metrics (epoch_2700) | ARI=0.4289 | NMI=0.5946 | AMI=0.5873 | HOM=0.6401 | n_valid=2129
2026-03-30 13:31:07,692 | INFO | SFEvaluateRange | Artifacts (epoch_2700): ./results/misar/misar_e18-5-s1/figures/spatial_analysis_epoch_2700.pdf | ./results/misar/misar_e18-5-s1/predictions/embedding_joint_epoch_2700.h5ad
2026-03-30 13:31:07,692 | INFO | SFEvaluateRange | Evaluating epoch 2800 with ckpt_2800.pth
2026-03-30 13:31:22,199 | INFO | SFEvaluateRange | GT metrics (epoch_2800) | ARI=0.4723 | NMI=0.5986 | AMI=0.5914 | HOM=0.6535 | n_valid=2129
2026-03-30 13:31:22,199 | INFO | SFEvaluateRange | Artifacts (epoch_2800): ./results/misar/misar_e18-5-s1/figures/spatial_analysis_epoch_2800.pdf | ./results/misar/misar_e18-5-s1/predictions/embedding_joint_epoch_2800.h5ad
2026-03-30 13:31:22,199 | INFO | SFEvaluateRange | Evaluating epoch 2900 with ckpt_2900.pth
2026-03-30 13:31:38,540 | INFO | SFEvaluateRange | GT metrics (epoch_2900) | ARI=0.4626 | NMI=0.6045 | AMI=0.5974 | HOM=0.6582 | n_valid=2129
2026-03-30 13:31:38,541 | INFO | SFEvaluateRange | Artifacts (epoch_2900): ./results/misar/misar_e18-5-s1/figures/spatial_analysis_epoch_2900.pdf | ./results/misar/misar_e18-5-s1/predictions/embedding_joint_epoch_2900.h5ad
2026-03-30 13:31:38,541 | INFO | SFEvaluateRange | Evaluating epoch 3000 with ckpt_best.pth
2026-03-30 13:31:54,257 | INFO | SFEvaluateRange | GT metrics (epoch_3000_best) | ARI=0.5262 | NMI=0.6159 | AMI=0.6090 | HOM=0.6653 | n_valid=2129
2026-03-30 13:31:54,258 | INFO | SFEvaluateRange | Artifacts (epoch_3000_best): ./results/misar/misar_e18-5-s1/figures/spatial_analysis_epoch_3000_best.pdf | ./results/misar/misar_e18-5-s1/predictions/embedding_joint_epoch_3000_best.h5ad
2026-03-30 13:31:54,258 | INFO | SFEvaluateRange | Range evaluation complete. Success=16 | Failed/Skipped=0

========================================================================================
2026-03-30 13:43:32,562 | INFO | SFEvaluateRange | [Range Evaluate] Started. epochs=[1500, 1600, 1700, 1800, 1900, 2000, 2100, 2200, 2300, 2400, 2500, 2600, 2700, 2800, 2900, 3000]
2026-03-30 13:43:32,562 | INFO | SFEvaluateRange | Loading processed data...
2026-03-30 13:43:32,851 | INFO | SFEvaluateRange | Initializing model...
2026-03-30 13:43:32,957 | INFO | SFEvaluateRange | Evaluating epoch 1500 with ckpt_1500.pth
2026-03-30 13:43:59,942 | INFO | SFEvaluateRange | Eval metrics (epoch_1500) | checkpoint=ckpt_1500.pth | epoch=Epoch 1500 | latent_moran=0.3773 | cluster_moran=0.6340
2026-03-30 13:43:59,942 | INFO | SFEvaluateRange | GT metrics (epoch_1500) | checkpoint=ckpt_1500.pth | epoch=Epoch 1500 | ARI=0.4709 | NMI=0.5959 | AMI=0.5886 | HOM=0.6452 | n_valid=2129
2026-03-30 13:43:59,943 | INFO | SFEvaluateRange | Artifacts (epoch_1500): ./results/misar/misar_e18-5-s1/figures/spatial_analysis_epoch_1500.pdf | ./results/misar/misar_e18-5-s1/predictions/embedding_joint_epoch_1500.h5ad
2026-03-30 13:43:59,943 | INFO | SFEvaluateRange | Evaluating epoch 1600 with ckpt_1600.pth
2026-03-30 13:44:14,309 | INFO | SFEvaluateRange | Eval metrics (epoch_1600) | checkpoint=ckpt_1600.pth | epoch=Epoch 1600 | latent_moran=0.3774 | cluster_moran=0.6332
2026-03-30 13:44:14,310 | INFO | SFEvaluateRange | GT metrics (epoch_1600) | checkpoint=ckpt_1600.pth | epoch=Epoch 1600 | ARI=0.4065 | NMI=0.5689 | AMI=0.5611 | HOM=0.6184 | n_valid=2129
2026-03-30 13:44:14,310 | INFO | SFEvaluateRange | Artifacts (epoch_1600): ./results/misar/misar_e18-5-s1/figures/spatial_analysis_epoch_1600.pdf | ./results/misar/misar_e18-5-s1/predictions/embedding_joint_epoch_1600.h5ad
2026-03-30 13:44:14,310 | INFO | SFEvaluateRange | Evaluating epoch 1700 with ckpt_1700.pth
2026-03-30 13:44:30,217 | INFO | SFEvaluateRange | Eval metrics (epoch_1700) | checkpoint=ckpt_1700.pth | epoch=Epoch 1700 | latent_moran=0.3778 | cluster_moran=0.6335
2026-03-30 13:44:30,218 | INFO | SFEvaluateRange | GT metrics (epoch_1700) | checkpoint=ckpt_1700.pth | epoch=Epoch 1700 | ARI=0.5312 | NMI=0.6200 | AMI=0.6132 | HOM=0.6703 | n_valid=2129
2026-03-30 13:44:30,218 | INFO | SFEvaluateRange | Artifacts (epoch_1700): ./results/misar/misar_e18-5-s1/figures/spatial_analysis_epoch_1700.pdf | ./results/misar/misar_e18-5-s1/predictions/embedding_joint_epoch_1700.h5ad
2026-03-30 13:44:30,218 | INFO | SFEvaluateRange | Evaluating epoch 1800 with ckpt_1800.pth
2026-03-30 13:44:44,477 | INFO | SFEvaluateRange | Eval metrics (epoch_1800) | checkpoint=ckpt_1800.pth | epoch=Epoch 1800 | latent_moran=0.3788 | cluster_moran=0.6436
2026-03-30 13:44:44,478 | INFO | SFEvaluateRange | GT metrics (epoch_1800) | checkpoint=ckpt_1800.pth | epoch=Epoch 1800 | ARI=0.4404 | NMI=0.5953 | AMI=0.5881 | HOM=0.6540 | n_valid=2129
2026-03-30 13:44:44,478 | INFO | SFEvaluateRange | Artifacts (epoch_1800): ./results/misar/misar_e18-5-s1/figures/spatial_analysis_epoch_1800.pdf | ./results/misar/misar_e18-5-s1/predictions/embedding_joint_epoch_1800.h5ad
2026-03-30 13:44:44,478 | INFO | SFEvaluateRange | Evaluating epoch 1900 with ckpt_1900.pth
2026-03-30 13:45:00,463 | INFO | SFEvaluateRange | Eval metrics (epoch_1900) | checkpoint=ckpt_1900.pth | epoch=Epoch 1900 | latent_moran=0.3805 | cluster_moran=0.6262
2026-03-30 13:45:00,463 | INFO | SFEvaluateRange | GT metrics (epoch_1900) | checkpoint=ckpt_1900.pth | epoch=Epoch 1900 | ARI=0.4146 | NMI=0.5812 | AMI=0.5737 | HOM=0.6367 | n_valid=2129
2026-03-30 13:45:00,464 | INFO | SFEvaluateRange | Artifacts (epoch_1900): ./results/misar/misar_e18-5-s1/figures/spatial_analysis_epoch_1900.pdf | ./results/misar/misar_e18-5-s1/predictions/embedding_joint_epoch_1900.h5ad
2026-03-30 13:45:00,464 | INFO | SFEvaluateRange | Evaluating epoch 2000 with ckpt_2000.pth
2026-03-30 13:45:15,103 | INFO | SFEvaluateRange | Eval metrics (epoch_2000) | checkpoint=ckpt_2000.pth | epoch=Epoch 2000 | latent_moran=0.3800 | cluster_moran=0.6373
2026-03-30 13:45:15,103 | INFO | SFEvaluateRange | GT metrics (epoch_2000) | checkpoint=ckpt_2000.pth | epoch=Epoch 2000 | ARI=0.4458 | NMI=0.5966 | AMI=0.5894 | HOM=0.6490 | n_valid=2129
2026-03-30 13:45:15,104 | INFO | SFEvaluateRange | Artifacts (epoch_2000): ./results/misar/misar_e18-5-s1/figures/spatial_analysis_epoch_2000.pdf | ./results/misar/misar_e18-5-s1/predictions/embedding_joint_epoch_2000.h5ad
2026-03-30 13:45:15,104 | INFO | SFEvaluateRange | Evaluating epoch 2100 with ckpt_2100.pth
2026-03-30 13:45:32,199 | INFO | SFEvaluateRange | Eval metrics (epoch_2100) | checkpoint=ckpt_2100.pth | epoch=Epoch 2100 | latent_moran=0.3812 | cluster_moran=0.6456
2026-03-30 13:45:32,199 | INFO | SFEvaluateRange | GT metrics (epoch_2100) | checkpoint=ckpt_2100.pth | epoch=Epoch 2100 | ARI=0.4289 | NMI=0.5856 | AMI=0.5781 | HOM=0.6414 | n_valid=2129
2026-03-30 13:45:32,200 | INFO | SFEvaluateRange | Artifacts (epoch_2100): ./results/misar/misar_e18-5-s1/figures/spatial_analysis_epoch_2100.pdf | ./results/misar/misar_e18-5-s1/predictions/embedding_joint_epoch_2100.h5ad
2026-03-30 13:45:32,200 | INFO | SFEvaluateRange | Evaluating epoch 2200 with ckpt_2200.pth
2026-03-30 13:45:48,057 | INFO | SFEvaluateRange | Eval metrics (epoch_2200) | checkpoint=ckpt_2200.pth | epoch=Epoch 2200 | latent_moran=0.3823 | cluster_moran=0.6409
2026-03-30 13:45:48,057 | INFO | SFEvaluateRange | GT metrics (epoch_2200) | checkpoint=ckpt_2200.pth | epoch=Epoch 2200 | ARI=0.4544 | NMI=0.6023 | AMI=0.5952 | HOM=0.6586 | n_valid=2129
2026-03-30 13:45:48,058 | INFO | SFEvaluateRange | Artifacts (epoch_2200): ./results/misar/misar_e18-5-s1/figures/spatial_analysis_epoch_2200.pdf | ./results/misar/misar_e18-5-s1/predictions/embedding_joint_epoch_2200.h5ad
2026-03-30 13:45:48,058 | INFO | SFEvaluateRange | Evaluating epoch 2300 with ckpt_2300.pth
2026-03-30 13:46:03,529 | INFO | SFEvaluateRange | Eval metrics (epoch_2300) | checkpoint=ckpt_2300.pth | epoch=Epoch 2300 | latent_moran=0.3835 | cluster_moran=0.6434
2026-03-30 13:46:03,530 | INFO | SFEvaluateRange | GT metrics (epoch_2300) | checkpoint=ckpt_2300.pth | epoch=Epoch 2300 | ARI=0.4470 | NMI=0.5965 | AMI=0.5893 | HOM=0.6516 | n_valid=2129
2026-03-30 13:46:03,530 | INFO | SFEvaluateRange | Artifacts (epoch_2300): ./results/misar/misar_e18-5-s1/figures/spatial_analysis_epoch_2300.pdf | ./results/misar/misar_e18-5-s1/predictions/embedding_joint_epoch_2300.h5ad
2026-03-30 13:46:03,530 | INFO | SFEvaluateRange | Evaluating epoch 2400 with ckpt_2400.pth
2026-03-30 13:46:24,909 | INFO | SFEvaluateRange | Eval metrics (epoch_2400) | checkpoint=ckpt_2400.pth | epoch=Epoch 2400 | latent_moran=0.3844 | cluster_moran=0.6556
2026-03-30 13:46:24,910 | INFO | SFEvaluateRange | GT metrics (epoch_2400) | checkpoint=ckpt_2400.pth | epoch=Epoch 2400 | ARI=0.5301 | NMI=0.6037 | AMI=0.5965 | HOM=0.6535 | n_valid=2129
2026-03-30 13:46:24,910 | INFO | SFEvaluateRange | Artifacts (epoch_2400): ./results/misar/misar_e18-5-s1/figures/spatial_analysis_epoch_2400.pdf | ./results/misar/misar_e18-5-s1/predictions/embedding_joint_epoch_2400.h5ad
2026-03-30 13:46:24,910 | INFO | SFEvaluateRange | Evaluating epoch 2500 with ckpt_2500.pth
2026-03-30 13:46:40,836 | INFO | SFEvaluateRange | Eval metrics (epoch_2500) | checkpoint=ckpt_2500.pth | epoch=Epoch 2500 | latent_moran=0.3847 | cluster_moran=0.6562
2026-03-30 13:46:40,836 | INFO | SFEvaluateRange | GT metrics (epoch_2500) | checkpoint=ckpt_2500.pth | epoch=Epoch 2500 | ARI=0.4251 | NMI=0.6018 | AMI=0.5946 | HOM=0.6476 | n_valid=2129
2026-03-30 13:46:40,836 | INFO | SFEvaluateRange | Artifacts (epoch_2500): ./results/misar/misar_e18-5-s1/figures/spatial_analysis_epoch_2500.pdf | ./results/misar/misar_e18-5-s1/predictions/embedding_joint_epoch_2500.h5ad
2026-03-30 13:46:40,836 | INFO | SFEvaluateRange | Evaluating epoch 2600 with ckpt_2600.pth
2026-03-30 13:46:55,907 | INFO | SFEvaluateRange | Eval metrics (epoch_2600) | checkpoint=ckpt_2600.pth | epoch=Epoch 2600 | latent_moran=0.3853 | cluster_moran=0.6410
2026-03-30 13:46:55,907 | INFO | SFEvaluateRange | GT metrics (epoch_2600) | checkpoint=ckpt_2600.pth | epoch=Epoch 2600 | ARI=0.4595 | NMI=0.6009 | AMI=0.5938 | HOM=0.6568 | n_valid=2129
2026-03-30 13:46:55,908 | INFO | SFEvaluateRange | Artifacts (epoch_2600): ./results/misar/misar_e18-5-s1/figures/spatial_analysis_epoch_2600.pdf | ./results/misar/misar_e18-5-s1/predictions/embedding_joint_epoch_2600.h5ad
2026-03-30 13:46:55,908 | INFO | SFEvaluateRange | Evaluating epoch 2700 with ckpt_2700.pth
2026-03-30 13:47:11,068 | INFO | SFEvaluateRange | Eval metrics (epoch_2700) | checkpoint=ckpt_2700.pth | epoch=Epoch 2700 | latent_moran=0.3856 | cluster_moran=0.6523
2026-03-30 13:47:11,068 | INFO | SFEvaluateRange | GT metrics (epoch_2700) | checkpoint=ckpt_2700.pth | epoch=Epoch 2700 | ARI=0.4289 | NMI=0.5946 | AMI=0.5873 | HOM=0.6401 | n_valid=2129
2026-03-30 13:47:11,069 | INFO | SFEvaluateRange | Artifacts (epoch_2700): ./results/misar/misar_e18-5-s1/figures/spatial_analysis_epoch_2700.pdf | ./results/misar/misar_e18-5-s1/predictions/embedding_joint_epoch_2700.h5ad
2026-03-30 13:47:11,069 | INFO | SFEvaluateRange | Evaluating epoch 2800 with ckpt_2800.pth
2026-03-30 13:47:25,002 | INFO | SFEvaluateRange | Eval metrics (epoch_2800) | checkpoint=ckpt_2800.pth | epoch=Epoch 2800 | latent_moran=0.3862 | cluster_moran=0.6470
2026-03-30 13:47:25,002 | INFO | SFEvaluateRange | GT metrics (epoch_2800) | checkpoint=ckpt_2800.pth | epoch=Epoch 2800 | ARI=0.4723 | NMI=0.5986 | AMI=0.5914 | HOM=0.6535 | n_valid=2129
2026-03-30 13:47:25,003 | INFO | SFEvaluateRange | Artifacts (epoch_2800): ./results/misar/misar_e18-5-s1/figures/spatial_analysis_epoch_2800.pdf | ./results/misar/misar_e18-5-s1/predictions/embedding_joint_epoch_2800.h5ad
2026-03-30 13:47:25,003 | INFO | SFEvaluateRange | Evaluating epoch 2900 with ckpt_2900.pth
2026-03-30 13:47:41,083 | INFO | SFEvaluateRange | Eval metrics (epoch_2900) | checkpoint=ckpt_2900.pth | epoch=Epoch 2900 | latent_moran=0.3873 | cluster_moran=0.6341
2026-03-30 13:47:41,083 | INFO | SFEvaluateRange | GT metrics (epoch_2900) | checkpoint=ckpt_2900.pth | epoch=Epoch 2900 | ARI=0.4626 | NMI=0.6045 | AMI=0.5974 | HOM=0.6582 | n_valid=2129
2026-03-30 13:47:41,084 | INFO | SFEvaluateRange | Artifacts (epoch_2900): ./results/misar/misar_e18-5-s1/figures/spatial_analysis_epoch_2900.pdf | ./results/misar/misar_e18-5-s1/predictions/embedding_joint_epoch_2900.h5ad
2026-03-30 13:47:41,084 | INFO | SFEvaluateRange | Evaluating epoch 3000 with ckpt_best.pth
2026-03-30 13:47:56,960 | INFO | SFEvaluateRange | Eval metrics (epoch_3000_best) | checkpoint=ckpt_best.pth | epoch=Epoch 3000 (BEST) | latent_moran=0.3864 | cluster_moran=0.6359
2026-03-30 13:47:56,961 | INFO | SFEvaluateRange | GT metrics (epoch_3000_best) | checkpoint=ckpt_best.pth | epoch=Epoch 3000 (BEST) | ARI=0.5262 | NMI=0.6159 | AMI=0.6090 | HOM=0.6653 | n_valid=2129
2026-03-30 13:47:56,961 | INFO | SFEvaluateRange | Artifacts (epoch_3000_best): ./results/misar/misar_e18-5-s1/figures/spatial_analysis_epoch_3000_best.pdf | ./results/misar/misar_e18-5-s1/predictions/embedding_joint_epoch_3000_best.h5ad
2026-03-30 13:47:56,961 | INFO | SFEvaluateRange | Range evaluation complete. Success=16 | Failed/Skipped=0

========================================================================================
